node_id,account_age_days,in_degree,out_degree,label
0,1613,70,84,0
1,635,54,55,0
2,1510,7,8,0
3,738,85,71,0
4,1300,186,189,0
5,469,112,126,0
6,365,171,151,0
7,1665,132,115,0
8,787,67,58,0
9,640,49,49,0
10,1029,55,53,0
11,1951,19,27,0
12,1394,71,77,0
13,563,28,24,0
14,1175,38,35,0
15,1751,34,28,0
16,194,48,55,0
17,176,8,13,0
18,576,40,41,0
19,1077,34,25,0
20,232,26,27,0
21,1172,26,17,0
22,91,64,62,0
23,1767,35,30,0
24,574,4,6,0
25,1335,59,52,0
26,471,38,38,0
27,1306,16,31,0
28,709,16,18,0
29,1722,24,29,0
30,1274,37,36,0
31,1299,21,25,0
32,1069,21,18,0
33,1364,49,30,0
34,186,73,58,0
35,1109,13,13,0
36,946,17,16,0
37,1295,21,17,0
38,745,20,23,0
39,365,13,14,0
40,462,9,5,0
41,98,29,23,0
42,1256,19,23,0
43,270,25,22,0
44,1500,9,17,0
45,1025,30,39,0
46,1512,26,25,0
47,439,38,33,0
48,1340,22,18,0
49,312,14,23,0
50,1265,21,21,0
51,402,22,32,0
52,546,10,6,0
53,693,18,14,0
54,1890,17,21,0
55,849,13,18,0
56,104,69,57,0
57,1732,4,5,0
58,1409,23,24,0
59,521,12,19,0
60,1473,10,22,0
61,522,43,14,1
62,1179,9,15,0
63,1670,3,4,0
64,1145,29,20,0
65,53,16,15,0
66,1096,13,16,0
67,1518,9,10,0
68,1853,16,7,0
69,1251,26,19,0
70,1022,29,27,0
71,1600,31,29,0
72,1218,9,10,0
73,754,19,23,0
74,469,20,25,0
75,410,11,14,0
76,1489,24,24,0
77,1041,32,30,0
78,465,22,20,0
79,1965,17,21,0
80,1924,13,21,0
81,387,43,42,0
82,380,9,4,0
83,131,9,9,0
84,522,22,24,0
85,127,21,15,0
86,1996,16,11,0
87,517,5,7,0
88,1847,9,9,0
89,1220,14,13,0
90,162,4,7,0
91,610,26,25,0
92,580,13,14,0
93,822,12,15,0
94,272,22,21,0
95,1609,34,33,0
96,1463,16,12,0
97,1631,18,29,0
98,543,28,22,0
99,322,27,22,0
100,1472,19,9,0
101,1811,42,7,1
102,158,28,28,0
103,1299,19,20,0
104,1431,15,12,0
105,1009,16,15,0
106,811,14,18,0
107,638,14,11,0
108,474,16,30,0
109,250,6,0,0
110,349,19,21,0
111,1566,9,11,0
112,853,10,6,0
113,1143,57,39,1
114,576,8,11,0
115,708,24,27,0
116,253,24,20,0
117,490,35,37,0
118,469,13,15,0
119,114,30,6,1
120,1416,22,16,0
121,394,9,14,0
122,1463,23,35,0
123,1729,7,10,0
124,417,2,7,0
125,1459,12,12,0
126,1473,8,15,0
127,1101,6,12,0
128,750,12,16,0
129,1099,14,12,0
130,1151,12,11,0
131,1470,26,14,0
132,1882,8,17,0
133,923,5,8,0
134,76,27,17,0
135,1974,12,7,0
136,1922,15,26,0
137,1513,15,18,0
138,916,23,15,0
139,527,23,12,0
140,1828,6,8,0
141,697,5,14,0
142,530,8,9,0
143,1437,2,7,0
144,545,10,6,0
145,197,7,8,0
146,1401,4,6,0
147,1345,13,10,0
148,1851,4,10,0
149,1075,13,26,0
150,940,20,20,0
151,1026,15,16,0
152,1980,30,19,0
153,1691,14,17,0
154,1761,22,7,1
155,1502,13,23,0
156,632,28,32,0
157,246,10,13,0
158,1781,16,16,0
159,1431,6,4,0
160,1474,12,15,0
161,664,28,23,0
162,1757,16,23,0
163,1904,7,10,0
164,581,14,9,0
165,1658,10,10,0
166,602,10,8,0
167,1806,12,15,0
168,1512,10,7,0
169,651,6,11,0
170,169,6,13,0
171,1822,10,4,0
172,1748,3,8,0
173,1543,11,9,0
174,1746,6,6,0
175,1337,10,13,0
176,1095,3,2,0
177,1659,6,8,0
178,1739,8,7,0
179,517,7,5,0
180,316,4,4,0
181,162,14,4,0
182,732,1,3,0
183,1618,14,9,0
184,1232,8,12,0
185,1233,8,12,0
186,1063,11,13,0
187,964,8,11,0
188,1325,11,9,0
189,993,11,16,0
190,1367,13,10,0
191,1746,13,10,0
192,719,12,7,0
193,1433,15,15,0
194,629,37,3,1
195,1673,5,4,0
196,1601,11,8,0
197,1375,13,17,0
198,1216,17,16,0
199,1591,27,26,0
200,1384,18,10,0
201,1812,3,6,0
202,1859,14,8,0
203,1255,10,8,0
204,1324,4,10,0
205,797,6,9,0
206,1297,10,9,0
207,127,10,14,0
208,1621,22,16,0
209,417,15,10,0
210,1822,1,7,0
211,818,11,7,0
212,633,3,12,0
213,378,18,16,0
214,1008,29,12,1
215,1170,5,9,0
216,1445,8,9,0
217,1554,11,23,0
218,129,8,15,0
219,739,5,5,0
220,1855,10,8,0
221,1263,10,10,0
222,825,14,6,0
223,85,39,11,1
224,1823,10,13,0
225,607,4,1,0
226,408,12,9,0
227,719,12,9,0
228,363,11,13,0
229,1371,11,12,0
230,1711,20,20,0
231,1412,6,9,0
232,208,14,16,0
233,121,12,10,0
234,336,5,10,0
235,1436,11,8,0
236,312,5,4,0
237,1204,4,7,0
238,978,28,26,0
239,1108,3,6,0
240,1198,15,10,0
241,180,32,22,1
242,1314,10,23,0
243,1662,12,18,0
244,1789,6,6,0
245,330,51,11,1
246,859,10,14,0
247,179,13,13,0
248,1284,11,8,0
249,1022,5,7,0
250,663,7,4,0
251,767,6,4,0
252,995,12,19,0
253,250,10,11,0
254,1247,10,8,0
255,435,26,24,0
256,79,10,10,0
257,834,3,10,0
258,1407,13,16,0
259,768,10,9,0
260,1442,6,7,0
261,1762,6,0,0
262,987,7,10,0
263,857,13,12,0
264,1684,7,4,0
265,733,7,6,0
266,694,13,9,0
267,473,12,7,0
268,770,8,11,0
269,1357,16,14,0
270,1568,6,6,0
271,369,8,3,0
272,47,5,8,0
273,1786,14,9,0
274,1119,6,9,0
275,63,3,7,0
276,840,2,7,0
277,230,3,1,0
278,1144,4,5,0
279,1305,16,17,0
280,1682,10,9,0
281,934,25,37,0
282,859,5,5,0
283,65,4,8,0
284,1791,8,7,0
285,1226,8,9,0
286,1860,10,13,0
287,1974,5,3,0
288,959,6,8,0
289,755,5,8,0
290,1580,2,6,0
291,1083,15,17,0
292,968,2,4,0
293,1169,5,11,0
294,189,4,4,0
295,1401,4,9,0
296,537,14,14,0
297,599,6,11,0
298,1549,4,5,0
299,1616,8,7,0
300,1949,8,11,0
301,292,13,15,0
302,1666,3,8,0
303,105,8,11,0
304,1997,16,20,0
305,144,9,13,0
306,245,10,5,0
307,621,7,6,0
308,1755,2,4,0
309,200,11,8,0
310,442,11,14,0
311,462,12,8,0
312,527,8,13,0
313,374,3,8,0
314,268,17,19,0
315,1626,9,17,0
316,1147,14,17,0
317,1356,5,9,0
318,510,8,8,0
319,1475,16,13,0
320,668,5,13,0
321,762,1,10,0
322,1972,7,8,0
323,1419,15,16,0
324,1576,16,15,0
325,302,6,14,0
326,1474,6,10,0
327,384,4,3,0
328,1722,9,10,0
329,40,27,14,0
330,720,6,3,0
331,1865,10,19,0
332,668,9,13,0
333,1614,8,6,0
334,147,13,12,0
335,522,4,2,0
336,1031,6,7,0
337,1656,8,4,0
338,612,10,6,0
339,1368,5,10,0
340,1479,6,9,0
341,366,8,9,0
342,1031,11,9,0
343,1697,4,8,0
344,1034,6,2,0
345,1079,11,13,0
346,1098,5,8,0
347,1403,8,16,0
348,60,6,5,0
349,227,29,24,0
350,885,7,4,0
351,308,3,2,0
352,1270,9,7,0
353,1105,4,3,0
354,1256,22,4,1
355,1972,4,4,0
356,1877,8,5,0
357,184,2,5,0
358,1030,6,13,0
359,374,7,2,0
360,1877,4,6,0
361,202,3,6,0
362,617,9,9,0
363,1600,7,11,0
364,1518,7,9,0
365,1667,5,8,0
366,1490,7,8,0
367,69,7,6,0
368,1567,15,12,0
369,1177,16,16,0
370,1817,12,10,0
371,504,15,10,0
372,1394,1,4,0
373,630,10,14,0
374,279,3,4,0
375,1044,19,20,0
376,1430,3,4,0
377,649,15,16,0
378,390,3,3,0
379,818,1,3,0
380,1176,8,4,0
381,790,7,10,0
382,1257,12,14,0
383,1779,9,8,0
384,246,5,11,0
385,1641,5,5,0
386,1148,4,9,0
387,1829,2,2,0
388,1391,6,2,0
389,1191,15,10,0
390,1493,6,11,0
391,1614,2,6,0
392,652,20,15,0
393,1412,4,4,0
394,1109,9,7,0
395,837,11,7,0
396,1617,1,3,0
397,1606,8,13,0
398,369,4,10,0
399,1249,13,14,0
400,501,6,6,0
401,964,6,11,0
402,891,14,10,0
403,529,11,7,0
404,1144,4,5,0
405,1459,5,8,0
406,449,5,15,0
407,1752,11,13,0
408,1842,4,11,0
409,269,2,8,0
410,766,14,13,0
411,765,12,10,0
412,1886,8,6,0
413,1326,4,8,0
414,1428,2,5,0
415,1404,8,10,0
416,1709,7,5,0
417,251,5,5,0
418,726,10,13,0
419,854,8,16,0
420,124,3,6,0
421,541,6,5,0
422,993,9,21,0
423,640,7,12,0
424,1450,11,12,0
425,826,4,9,0
426,1113,4,5,0
427,1021,5,6,0
428,572,34,6,1
429,668,8,13,0
430,349,7,7,0
431,621,14,14,0
432,296,2,11,0
433,125,5,9,0
434,150,7,4,0
435,337,9,4,0
436,465,6,7,0
437,484,7,4,0
438,955,8,14,0
439,1538,9,13,0
440,749,10,9,0
441,1887,18,20,0
442,974,9,5,0
443,283,15,16,0
444,1411,10,15,0
445,981,6,5,0
446,1345,7,9,0
447,1496,5,13,0
448,705,3,5,0
449,1391,9,7,0
450,1248,17,17,0
451,643,6,10,0
452,1164,6,4,0
453,1802,6,7,0
454,1772,3,8,0
455,564,10,7,0
456,235,4,6,0
457,1126,7,11,0
458,168,4,8,0
459,1296,22,7,1
460,654,13,16,0
461,1886,7,8,0
462,868,3,10,0
463,1333,7,8,0
464,354,9,5,0
465,194,5,10,0
466,644,6,4,0
467,589,6,10,0
468,639,3,10,0
469,301,2,5,0
470,320,3,6,0
471,1046,8,6,0
472,1913,4,3,0
473,538,4,5,0
474,1599,3,2,0
475,1892,7,16,0
476,313,4,7,0
477,205,7,3,0
478,86,8,7,0
479,1947,9,6,0
480,743,4,3,0
481,962,15,12,0
482,1492,21,8,0
483,1273,9,12,0
484,261,9,15,0
485,1361,3,4,0
486,1127,21,10,0
487,1156,15,8,0
488,735,11,9,0
489,1140,2,5,0
490,1512,10,7,0
491,1962,8,2,0
492,1409,1,7,0
493,719,9,14,0
494,1515,4,5,0
495,970,13,11,0
496,746,12,7,0
497,1075,4,8,0
498,392,10,8,0
499,202,6,12,0
500,1445,5,1,0
501,921,4,4,0
502,669,4,2,0
503,1704,3,3,0
504,349,6,7,0
505,167,6,7,0
506,1256,5,11,0
507,1365,6,8,0
508,1171,2,9,0
509,318,10,7,0
510,34,13,9,0
511,312,2,3,0
512,850,8,8,0
513,726,5,5,0
514,1033,3,5,0
515,1568,9,2,0
516,148,12,5,0
517,1892,6,10,0
518,1117,2,2,0
519,1408,4,3,0
520,1764,4,2,0
521,705,20,24,0
522,1025,4,7,0
523,572,2,8,0
524,1845,10,16,0
525,1423,8,7,0
526,1003,45,3,1
527,1170,5,7,0
528,1731,6,6,0
529,206,4,10,0
530,249,10,7,0
531,1632,6,11,0
532,1876,5,9,0
533,1461,9,7,0
534,565,11,14,0
535,1089,1,4,0
536,1979,3,4,0
537,1220,3,5,0
538,1519,3,3,0
539,1218,14,8,0
540,1899,2,4,0
541,81,6,7,0
542,816,4,2,0
543,824,4,9,0
544,362,4,11,0
545,1852,3,9,0
546,1134,15,25,0
547,1488,4,9,0
548,585,3,8,0
549,816,8,4,0
550,1481,4,5,0
551,1668,5,8,0
552,1838,2,5,0
553,331,2,10,0
554,456,6,5,0
555,1176,6,3,0
556,1708,11,6,0
557,43,4,7,0
558,1680,9,3,0
559,373,7,5,0
560,305,5,9,0
561,192,6,3,0
562,1577,4,6,0
563,1357,5,7,0
564,1732,5,4,0
565,1643,5,5,0
566,970,3,6,0
567,1933,14,20,0
568,867,5,8,0
569,995,5,5,0
570,1311,14,11,0
571,57,6,11,0
572,1296,6,2,0
573,202,6,7,0
574,1702,8,9,0
575,686,10,14,0
576,109,3,4,0
577,449,10,15,0
578,400,6,5,0
579,702,1,6,0
580,1850,13,5,0
581,1999,6,3,0
582,1353,3,6,0
583,1690,5,7,0
584,1339,4,4,0
585,1200,3,2,0
586,186,2,4,0
587,1833,6,2,0
588,1219,5,2,0
589,1387,7,7,0
590,1475,17,7,0
591,95,4,10,0
592,1100,9,11,0
593,782,0,5,0
594,800,2,4,0
595,1089,4,1,0
596,577,7,12,0
597,865,2,4,0
598,202,9,7,0
599,1729,9,7,0
600,42,3,4,0
601,616,32,11,1
602,1175,2,6,0
603,1151,9,5,0
604,542,3,7,0
605,1608,8,8,0
606,1597,11,7,0
607,1823,3,4,0
608,1153,9,8,0
609,747,0,6,0
610,1739,9,2,0
611,1792,4,6,0
612,1140,12,12,0
613,378,1,2,0
614,1460,6,6,0
615,81,7,14,0
616,1065,8,4,0
617,1225,7,8,0
618,115,11,8,0
619,616,5,4,0
620,564,7,8,0
621,1699,2,3,0
622,682,1,4,0
623,172,2,6,0
624,1722,5,5,0
625,1652,5,5,0
626,1662,9,12,0
627,553,39,9,1
628,124,4,8,0
629,509,31,9,1
630,1261,2,5,0
631,1252,2,7,0
632,1941,1,4,0
633,1020,5,7,0
634,724,6,3,0
635,1206,10,7,0
636,1860,3,2,0
637,1021,5,2,0
638,843,6,5,0
639,1787,5,9,0
640,373,3,3,0
641,756,5,6,0
642,867,2,3,0
643,1113,6,4,0
644,134,2,6,0
645,593,2,7,0
646,1556,4,3,0
647,1045,14,7,0
648,1975,3,6,0
649,1562,4,14,0
650,197,6,14,0
651,62,14,8,0
652,594,10,7,0
653,389,4,5,0
654,1404,5,5,0
655,1987,7,3,0
656,1812,5,6,0
657,38,4,4,0
658,774,3,3,0
659,960,5,2,0
660,1408,4,9,0
661,1416,4,6,0
662,367,6,6,0
663,398,4,6,0
664,1926,4,5,0
665,1672,3,4,0
666,1165,5,6,0
667,417,6,1,0
668,1379,6,5,0
669,1048,9,4,0
670,122,9,4,0
671,822,9,11,0
672,671,7,12,0
673,1862,3,7,0
674,499,8,8,0
675,1066,2,3,0
676,1806,2,6,0
677,1329,6,4,0
678,1007,9,14,0
679,1809,7,7,0
680,1029,9,9,0
681,425,40,6,1
682,1625,4,4,0
683,913,6,7,0
684,694,9,10,0
685,218,5,9,0
686,1200,4,11,0
687,196,4,4,0
688,1240,9,2,0
689,1217,5,8,0
690,596,2,7,0
691,87,3,2,0
692,1496,5,4,0
693,616,5,3,0
694,1307,12,7,0
695,1124,3,11,0
696,812,2,6,0
697,1826,7,10,0
698,1506,7,8,0
699,178,2,9,0
700,486,4,2,0
701,1051,2,4,0
702,732,7,4,0
703,1541,10,3,0
704,1352,3,5,0
705,1055,8,2,0
706,594,16,18,0
707,134,3,6,0
708,1306,1,4,0
709,125,8,17,0
710,876,0,4,0
711,1707,4,2,0
712,283,4,7,0
713,1153,0,5,0
714,1125,40,11,1
715,398,4,4,0
716,1209,4,3,0
717,1950,3,2,0
718,1744,8,8,0
719,846,5,4,0
720,157,6,4,0
721,473,6,6,0
722,566,4,4,0
723,1914,2,8,0
724,393,7,9,0
725,1882,4,5,0
726,1678,4,6,0
727,134,1,13,0
728,794,4,2,0
729,570,12,4,0
730,1948,7,5,0
731,1208,3,9,0
732,1605,9,8,0
733,455,5,5,0
734,206,4,3,0
735,1710,9,5,0
736,1794,11,17,0
737,1772,4,8,0
738,1460,3,7,0
739,1806,4,7,0
740,1119,2,6,0
741,1475,4,3,0
742,1581,6,1,0
743,556,5,6,0
744,1812,4,6,0
745,1670,4,4,0
746,177,2,4,0
747,522,3,7,0
748,481,11,10,0
749,1628,4,3,0
750,801,4,8,0
751,1725,3,2,0
752,413,5,5,0
753,433,6,6,0
754,1186,5,6,0
755,1791,4,4,0
756,976,9,6,0
757,170,9,9,0
758,1803,4,4,0
759,671,7,14,0
760,508,4,6,0
761,425,6,6,0
762,1912,5,4,0
763,1923,9,4,0
764,1255,16,9,0
765,1361,4,6,0
766,1352,4,10,0
767,1108,3,5,0
768,1845,9,9,0
769,1733,4,4,0
770,789,5,8,0
771,789,5,6,0
772,1421,5,6,0
773,1230,4,4,0
774,1037,5,8,0
775,1573,4,6,0
776,1205,9,19,0
777,1825,7,4,0
778,756,7,3,0
779,1926,4,6,0
780,1528,3,4,0
781,1827,4,5,0
782,1285,4,3,0
783,1013,14,7,0
784,768,8,3,0
785,1500,8,6,0
786,1574,6,10,0
787,1799,5,3,0
788,852,5,2,0
789,1492,7,4,0
790,1028,1,6,0
791,1932,4,6,0
792,1604,7,7,0
793,1208,6,3,0
794,1615,6,0,0
795,1600,2,6,0
796,1645,7,2,0
797,1387,17,14,0
798,900,6,6,0
799,470,4,6,0
800,1174,3,2,0
801,105,5,5,0
802,1529,7,3,0
803,662,3,5,0
804,694,3,7,0
805,661,9,14,0
806,362,4,9,0
807,258,8,6,0
808,614,5,5,0
809,283,1,6,0
810,1006,10,9,0
811,1867,9,9,0
812,1736,2,2,0
813,123,18,10,0
814,586,5,5,0
815,224,5,7,0
816,1200,7,7,0
817,935,3,8,0
818,1872,3,4,0
819,1987,2,6,0
820,501,4,6,0
821,995,1,6,0
822,1869,2,14,0
823,1318,3,4,0
824,1099,4,4,0
825,455,3,9,0
826,1354,5,4,0
827,229,2,3,0
828,551,3,11,0
829,1121,1,4,0
830,193,6,3,0
831,581,4,2,0
832,1010,2,4,0
833,1751,1,3,0
834,1335,5,8,0
835,1106,6,3,0
836,97,1,3,0
837,2000,4,7,0
838,360,3,5,0
839,1687,5,5,0
840,336,6,1,0
841,1519,5,4,0
842,588,3,5,0
843,1854,4,5,0
844,816,11,5,0
845,1833,2,4,0
846,307,8,4,0
847,1729,6,0,0
848,1543,4,3,0
849,1037,5,10,0
850,1995,1,8,0
851,403,0,4,0
852,337,7,8,0
853,425,8,2,0
854,257,2,5,0
855,303,2,2,0
856,646,11,5,0
857,275,6,5,0
858,1076,4,4,0
859,1947,2,5,0
860,116,5,5,0
861,1269,5,4,0
862,325,4,4,0
863,656,2,3,0
864,1764,5,5,0
865,1718,4,4,0
866,1588,12,5,0
867,825,6,8,0
868,599,5,5,0
869,1676,5,4,0
870,530,7,6,0
871,1833,6,6,0
872,230,26,6,1
873,623,2,5,0
874,666,5,5,0
875,1633,4,3,0
876,1189,33,1,1
877,1507,9,5,0
878,562,11,13,0
879,254,2,2,0
880,1242,3,3,0
881,1739,3,2,0
882,1424,5,5,0
883,807,10,13,0
884,1383,5,11,0
885,1412,3,3,0
886,1551,4,7,0
887,380,36,10,1
888,1868,4,3,0
889,679,6,9,0
890,1945,4,8,0
891,181,3,8,0
892,471,5,4,0
893,127,7,9,0
894,179,5,5,0
895,1536,3,4,0
896,1156,5,8,0
897,132,31,2,1
898,1289,4,6,0
899,1042,10,8,0
900,1910,2,8,0
901,1955,7,6,0
902,1269,3,5,0
903,117,1,6,0
904,769,1,9,0
905,1858,8,12,0
906,1267,2,8,0
907,1574,6,2,0
908,724,4,5,0
909,38,2,4,0
910,1558,4,3,0
911,634,1,6,0
912,835,6,4,0
913,1805,5,8,0
914,894,4,3,0
915,46,6,3,0
916,1463,3,4,0
917,1147,3,3,0
918,733,3,2,0
919,1615,4,5,0
920,457,6,7,0
921,306,4,7,0
922,1133,3,5,0
923,1663,1,2,0
924,224,2,4,0
925,750,11,6,0
926,283,3,4,0
927,481,13,8,0
928,1472,1,2,0
929,407,1,9,0
930,310,10,6,0
931,425,6,10,0
932,1667,4,6,0
933,929,8,6,0
934,526,6,5,0
935,900,7,3,0
936,610,1,8,0
937,713,6,4,0
938,1726,32,5,1
939,1495,8,6,0
940,731,3,2,0
941,512,8,8,0
942,569,0,6,0
943,1357,3,4,0
944,1264,1,2,0
945,33,15,3,0
946,534,2,4,0
947,1808,4,4,0
948,758,2,6,0
949,48,5,9,0
950,168,5,2,0
951,1408,7,14,0
952,778,4,8,0
953,330,1,4,0
954,1682,5,8,0
955,450,6,4,0
956,1268,2,2,0
957,810,7,11,0
958,687,1,3,0
959,674,2,10,0
960,1478,2,12,0
961,1064,39,5,1
962,1986,8,9,0
963,1715,5,6,0
964,443,4,4,0
965,1477,1,2,0
966,1683,4,9,0
967,963,1,3,0
968,1554,35,5,1
969,971,3,1,0
970,1335,0,7,0
971,1795,5,5,0
972,974,3,5,0
973,315,2,8,0
974,1325,5,13,0
975,43,25,5,1
976,75,3,5,0
977,982,5,4,0
978,1060,3,3,0
979,1361,6,7,0
980,683,4,4,0
981,1982,2,6,0
982,1281,4,10,0
983,996,7,8,0
984,1981,11,4,0
985,953,3,10,0
986,265,14,11,0
987,822,9,2,0
988,484,9,12,0
989,1246,7,7,0
990,1242,4,6,0
991,1830,26,3,1
992,112,10,3,0
993,710,2,3,0
994,941,3,4,0
995,418,12,7,0
996,1015,21,6,1
997,1088,3,2,0
998,498,26,2,1
999,776,4,12,0
1000,1222,11,11,0
1001,746,4,4,0
1002,838,2,5,0
1003,75,7,8,0
1004,1616,3,5,0
1005,1957,3,0,0
1006,121,2,4,0
1007,289,4,1,0
1008,992,3,7,0
1009,608,4,4,0
1010,1642,9,5,0
1011,1907,4,4,0
1012,720,4,4,0
1013,1665,4,7,0
1014,793,1,3,0
1015,1619,4,4,0
1016,792,4,4,0
1017,79,3,3,0
1018,1198,3,2,0
1019,1773,7,5,0
1020,1983,4,6,0
1021,977,7,9,0
1022,1082,2,9,0
1023,506,39,5,1
1024,59,8,4,0
1025,46,2,3,0
1026,679,6,4,0
1027,211,4,8,0
1028,1437,6,5,0
1029,1963,3,3,0
1030,1746,5,9,0
1031,1644,6,5,0
1032,1897,3,3,0
1033,1381,1,6,0
1034,1341,7,8,0
1035,826,5,3,0
1036,407,1,5,0
1037,424,3,6,0
1038,1398,3,7,0
1039,1030,8,0,0
1040,1753,2,7,0
1041,1094,4,6,0
1042,600,3,5,0
1043,1904,4,9,0
1044,1027,5,7,0
1045,686,2,3,0
1046,69,5,4,0
1047,1660,5,3,0
1048,824,5,5,0
1049,1841,5,7,0
1050,1783,4,2,0
1051,892,2,3,0
1052,862,8,4,0
1053,1806,5,7,0
1054,366,6,8,0
1055,650,6,10,0
1056,262,7,8,0
1057,161,16,13,0
1058,1476,4,6,0
1059,513,2,5,0
1060,1820,3,10,0
1061,257,8,6,0
1062,1751,6,10,0
1063,425,9,7,0
1064,972,5,4,0
1065,757,7,2,0
1066,1920,5,10,0
1067,849,3,8,0
1068,405,4,5,0
1069,1746,1,4,0
1070,634,2,5,0
1071,976,45,4,1
1072,1483,1,4,0
1073,1613,2,6,0
1074,944,5,7,0
1075,1194,9,5,0
1076,1643,3,1,0
1077,1372,2,1,0
1078,455,2,3,0
1079,1747,3,8,0
1080,611,5,6,0
1081,1577,4,3,0
1082,145,2,5,0
1083,995,4,4,0
1084,880,3,6,0
1085,1050,4,5,0
1086,1884,8,9,0
1087,1774,3,4,0
1088,1968,2,1,0
1089,595,6,2,0
1090,991,6,2,0
1091,646,2,5,0
1092,374,2,6,0
1093,327,9,4,0
1094,849,4,4,0
1095,1037,5,10,0
1096,569,7,12,0
1097,1666,1,4,0
1098,316,3,1,0
1099,1829,3,4,0
1100,1172,8,6,0
1101,468,4,5,0
1102,368,3,6,0
1103,784,3,3,0
1104,1834,11,10,0
1105,50,6,6,0
1106,1155,32,2,1
1107,1545,5,6,0
1108,1804,30,3,1
1109,1043,3,4,0
1110,1776,3,4,0
1111,1654,9,10,0
1112,657,3,5,0
1113,42,1,6,0
1114,838,10,8,0
1115,1984,7,5,0
1116,707,4,2,0
1117,962,3,1,0
1118,1922,5,7,0
1119,37,2,5,0
1120,1496,2,3,0
1121,1621,3,3,0
1122,1987,2,8,0
1123,363,1,5,0
1124,78,4,13,0
1125,1600,2,5,0
1126,1617,3,3,0
1127,762,2,4,0
1128,1096,4,6,0
1129,623,6,2,0
1130,473,10,9,0
1131,1299,20,3,1
1132,242,2,3,0
1133,935,6,6,0
1134,556,5,10,0
1135,882,4,1,0
1136,1870,6,8,0
1137,663,4,1,0
1138,973,7,13,0
1139,1976,2,3,0
1140,408,1,3,0
1141,1390,4,3,0
1142,928,4,7,0
1143,390,1,3,0
1144,111,5,4,0
1145,304,1,13,0
1146,1157,2,4,0
1147,1323,5,5,0
1148,1788,17,9,0
1149,893,1,3,0
1150,770,2,4,0
1151,1282,6,7,0
1152,778,4,2,0
1153,1634,4,4,0
1154,868,8,5,0
1155,705,3,3,0
1156,1407,5,3,0
1157,1935,4,0,0
1158,576,3,8,0
1159,671,9,8,0
1160,1648,2,7,0
1161,1846,4,2,0
1162,99,4,3,0
1163,1484,3,2,0
1164,1554,12,6,0
1165,1595,2,2,0
1166,322,8,8,0
1167,1390,5,6,0
1168,1218,6,5,0
1169,156,6,4,0
1170,1892,7,7,0
1171,1217,3,3,0
1172,1491,9,12,0
1173,940,5,5,0
1174,1329,6,5,0
1175,54,7,6,0
1176,914,3,2,0
1177,997,4,4,0
1178,1389,1,3,0
1179,1578,3,1,0
1180,925,4,6,0
1181,1509,3,2,0
1182,1456,2,3,0
1183,207,5,5,0
1184,1018,4,5,0
1185,208,2,6,0
1186,1650,3,3,0
1187,1552,3,3,0
1188,779,6,8,0
1189,1799,4,8,0
1190,1224,5,3,0
1191,538,6,5,0
1192,1747,3,4,0
1193,1135,23,4,1
1194,1182,1,4,0
1195,250,7,4,0
1196,1953,8,10,0
1197,1853,4,6,0
1198,1740,11,11,0
1199,54,1,5,0
1200,686,4,13,0
1201,81,1,5,0
1202,1297,4,4,0
1203,674,6,3,0
1204,1749,3,3,0
1205,1549,6,3,0
1206,1086,3,1,0
1207,1913,6,9,0
1208,1298,1,4,0
1209,1504,2,4,0
1210,1580,9,7,0
1211,1798,5,5,0
1212,667,10,13,0
1213,1287,0,5,0
1214,402,4,3,0
1215,571,6,3,0
1216,1209,1,8,0
1217,799,6,12,0
1218,866,3,3,0
1219,1748,6,6,0
1220,817,9,11,0
1221,592,1,3,0
1222,839,2,9,0
1223,781,5,2,0
1224,1953,3,2,0
1225,1236,5,5,0
1226,1114,3,3,0
1227,563,3,4,0
1228,694,9,4,0
1229,426,4,10,0
1230,1211,4,5,0
1231,932,1,9,0
1232,792,5,4,0
1233,1123,4,4,0
1234,528,6,4,0
1235,1825,4,1,0
1236,1443,4,5,0
1237,1956,5,1,0
1238,608,6,5,0
1239,1985,4,7,0
1240,1050,1,6,0
1241,923,4,2,0
1242,1421,8,4,0
1243,1373,4,4,0
1244,334,1,4,0
1245,1356,1,6,0
1246,872,4,2,0
1247,1753,13,8,0
1248,1942,4,3,0
1249,232,4,5,0
1250,206,9,7,0
1251,1422,3,1,0
1252,292,3,4,0
1253,1827,6,4,0
1254,843,7,5,0
1255,1349,5,6,0
1256,857,36,5,1
1257,508,2,4,0
1258,801,2,3,0
1259,892,7,1,0
1260,1312,14,3,0
1261,1172,19,2,1
1262,1416,9,4,0
1263,1083,3,5,0
1264,876,4,1,0
1265,505,3,3,0
1266,676,10,3,0
1267,1099,3,4,0
1268,1130,7,5,0
1269,1373,3,1,0
1270,1630,4,9,0
1271,768,5,5,0
1272,1750,2,6,0
1273,424,4,5,0
1274,156,5,5,0
1275,895,4,5,0
1276,1064,1,5,0
1277,914,0,4,0
1278,1937,4,4,0
1279,1264,17,4,1
1280,1873,2,3,0
1281,1568,2,3,0
1282,1040,1,5,0
1283,1614,2,2,0
1284,178,4,4,0
1285,1554,3,8,0
1286,641,2,5,0
1287,1742,2,5,0
1288,973,14,9,0
1289,619,6,10,0
1290,585,5,5,0
1291,312,2,2,0
1292,1195,3,3,0
1293,313,3,3,0
1294,1828,5,7,0
1295,1813,4,1,0
1296,1674,44,3,1
1297,1216,6,4,0
1298,1674,7,5,0
1299,383,8,6,0
1300,1839,5,7,0
1301,32,2,1,0
1302,552,4,5,0
1303,277,5,4,0
1304,1443,5,6,0
1305,1375,8,4,0
1306,1310,6,7,0
1307,1705,3,1,0
1308,1408,7,6,0
1309,1421,3,6,0
1310,442,0,3,0
1311,1438,4,6,0
1312,1697,5,6,0
1313,1002,3,7,0
1314,1958,2,8,0
1315,1599,7,6,0
1316,483,7,8,0
1317,1491,6,6,0
1318,234,5,2,0
1319,223,4,3,0
1320,1240,2,5,0
1321,918,6,3,0
1322,1905,1,5,0
1323,1079,5,7,0
1324,1428,5,0,0
1325,384,0,5,0
1326,1875,5,4,0
1327,1898,3,5,0
1328,479,4,3,0
1329,1005,4,4,0
1330,1372,2,5,0
1331,115,6,3,0
1332,625,3,3,0
1333,488,5,3,0
1334,1020,5,1,0
1335,1731,2,7,0
1336,891,5,6,0
1337,1531,3,4,0
1338,1434,7,5,0
1339,444,4,6,0
1340,1102,6,7,0
1341,1499,5,5,0
1342,1094,3,9,0
1343,438,3,4,0
1344,1316,7,8,0
1345,1498,6,5,0
1346,213,1,4,0
1347,319,4,5,0
1348,1023,2,2,0
1349,51,3,4,0
1350,208,7,4,0
1351,344,2,6,0
1352,1463,1,6,0
1353,1643,36,2,1
1354,1472,3,4,0
1355,86,1,2,0
1356,729,3,2,0
1357,1678,2,5,0
1358,1111,5,2,0
1359,1364,1,3,0
1360,1565,7,2,0
1361,1339,4,4,0
1362,620,4,7,0
1363,1868,6,4,0
1364,942,3,11,0
1365,1130,3,2,0
1366,1670,2,4,0
1367,943,2,5,0
1368,946,4,4,0
1369,1674,6,4,0
1370,1890,3,3,0
1371,470,4,5,0
1372,1770,2,1,0
1373,64,1,3,0
1374,721,8,7,0
1375,498,3,3,0
1376,1184,3,4,0
1377,509,1,4,0
1378,319,2,4,0
1379,1510,8,4,0
1380,539,9,7,0
1381,1971,5,3,0
1382,799,6,1,0
1383,459,3,12,0
1384,291,6,11,0
1385,1299,2,3,0
1386,548,5,4,0
1387,1160,4,3,0
1388,327,5,4,0
1389,1514,3,1,0
1390,540,2,6,0
1391,471,13,6,0
1392,1624,4,2,0
1393,892,2,3,0
1394,1317,2,5,0
1395,1385,2,2,0
1396,1804,3,11,0
1397,773,3,3,0
1398,491,5,4,0
1399,1178,6,7,0
1400,1171,1,3,0
1401,1186,4,2,0
1402,419,8,8,0
1403,969,1,3,0
1404,1838,3,3,0
1405,1551,3,4,0
1406,217,7,3,0
1407,237,3,1,0
1408,1754,0,5,0
1409,240,2,6,0
1410,1479,2,5,0
1411,1409,5,10,0
1412,1574,1,3,0
1413,773,6,7,0
1414,1022,8,5,0
1415,1166,5,3,0
1416,1015,4,5,0
1417,1909,8,5,0
1418,358,1,4,0
1419,96,4,2,0
1420,879,3,6,0
1421,306,2,5,0
1422,1409,4,8,0
1423,825,9,11,0
1424,1589,10,11,0
1425,1284,8,6,0
1426,738,7,6,0
1427,403,42,6,1
1428,1278,5,6,0
1429,838,6,5,0
1430,1402,2,2,0
1431,612,3,8,0
1432,1034,5,7,0
1433,1450,2,5,0
1434,1765,3,4,0
1435,1060,1,4,0
1436,852,5,4,0
1437,579,8,6,0
1438,1156,5,3,0
1439,661,5,7,0
1440,525,3,5,0
1441,1127,4,3,0
1442,1982,2,3,0
1443,247,5,8,0
1444,820,22,2,1
1445,236,1,2,0
1446,1268,2,2,0
1447,968,7,6,0
1448,1436,5,5,0
1449,207,6,4,0
1450,835,6,6,0
1451,454,38,6,1
1452,1385,3,0,0
1453,539,6,7,0
1454,1785,3,9,0
1455,1169,1,10,0
1456,1799,2,6,0
1457,1643,3,2,0
1458,1919,2,1,0
1459,507,8,4,0
1460,102,12,13,0
1461,393,3,6,0
1462,266,3,3,0
1463,1850,10,1,0
1464,437,5,3,0
1465,53,3,6,0
1466,869,5,1,0
1467,1142,2,5,0
1468,495,3,1,0
1469,874,1,4,0
1470,354,5,6,0
1471,120,10,2,0
1472,1334,3,2,0
1473,1948,6,4,0
1474,328,5,2,0
1475,688,7,5,0
1476,216,7,8,0
1477,1758,4,1,0
1478,1220,3,3,0
1479,251,4,4,0
1480,714,3,4,0
1481,1329,2,5,0
1482,815,22,2,1
1483,425,6,8,0
1484,1212,0,5,0
1485,1399,4,6,0
1486,1098,2,3,0
1487,916,5,4,0
1488,1907,1,6,0
1489,1333,8,4,0
1490,548,2,5,0
1491,1899,4,3,0
1492,1692,5,2,0
1493,1164,4,6,0
1494,488,1,5,0
1495,1597,7,6,0
1496,1464,1,3,0
1497,1127,2,7,0
1498,280,7,10,0
1499,610,8,4,0
1500,1920,6,3,0
1501,832,8,10,0
1502,1583,2,4,0
1503,1305,6,2,0
1504,221,6,6,0
1505,974,7,6,0
1506,1223,4,3,0
1507,1032,3,4,0
1508,1321,6,4,0
1509,1314,2,4,0
1510,1853,7,9,0
1511,282,2,2,0
1512,1937,5,6,0
1513,384,1,5,0
1514,763,6,4,0
1515,1813,2,4,0
1516,313,4,3,0
1517,1274,1,6,0
1518,1972,5,3,0
1519,1122,8,4,0
1520,406,5,2,0
1521,314,2,4,0
1522,353,2,7,0
1523,1209,4,3,0
1524,1599,3,3,0
1525,1835,2,9,0
1526,485,2,10,0
1527,1284,8,7,0
1528,318,3,0,0
1529,1973,4,4,0
1530,430,5,4,0
1531,1813,1,5,0
1532,625,2,6,0
1533,1470,3,1,0
1534,887,1,5,0
1535,783,6,4,0
1536,1638,1,5,0
1537,1241,2,2,0
1538,1665,7,2,0
1539,730,1,5,0
1540,1743,2,5,0
1541,285,4,6,0
1542,216,2,1,0
1543,448,3,0,0
1544,1440,2,3,0
1545,554,3,10,0
1546,1341,1,4,0
1547,948,36,3,1
1548,1151,5,11,0
1549,820,5,8,0
1550,905,6,5,0
1551,83,6,6,0
1552,246,1,5,0
1553,1061,4,8,0
1554,236,5,4,0
1555,548,2,5,0
1556,1183,5,5,0
1557,1898,4,5,0
1558,1572,3,2,0
1559,1180,6,5,0
1560,1982,5,6,0
1561,1672,1,4,0
1562,1200,0,3,0
1563,848,3,3,0
1564,1297,4,2,0
1565,332,4,7,0
1566,573,6,6,0
1567,933,2,5,0
1568,58,3,2,0
1569,755,2,10,0
1570,1718,4,4,0
1571,782,5,3,0
1572,1613,7,5,0
1573,1281,5,5,0
1574,1024,3,3,0
1575,1902,12,12,0
1576,1672,8,8,0
1577,1624,5,10,0
1578,1603,0,3,0
1579,262,2,8,0
1580,976,3,4,0
1581,976,5,10,0
1582,630,5,3,0
1583,674,4,12,0
1584,493,3,5,0
1585,1744,2,6,0
1586,1043,3,3,0
1587,1556,2,8,0
1588,586,2,7,0
1589,129,7,10,0
1590,1931,3,3,0
1591,482,4,4,0
1592,1612,5,9,0
1593,81,2,4,0
1594,591,5,6,0
1595,139,3,3,0
1596,1398,5,2,0
1597,1315,12,5,0
1598,1942,4,3,0
1599,762,1,6,0
1600,147,4,2,0
1601,71,2,4,0
1602,431,2,3,0
1603,717,6,1,0
1604,932,3,1,0
1605,1763,7,5,0
1606,1061,3,1,0
1607,1974,3,3,0
1608,777,4,2,0
1609,478,6,2,0
1610,1456,4,4,0
1611,868,3,3,0
1612,328,6,2,0
1613,377,5,7,0
1614,115,5,4,0
1615,656,5,10,0
1616,992,2,4,0
1617,1858,3,2,0
1618,448,6,5,0
1619,450,2,4,0
1620,1569,3,3,0
1621,1188,2,5,0
1622,1988,7,7,0
1623,828,3,5,0
1624,1843,19,4,1
1625,646,2,6,0
1626,656,5,9,0
1627,109,3,7,0
1628,842,5,4,0
1629,424,5,7,0
1630,158,5,7,0
1631,1210,6,5,0
1632,1565,3,7,0
1633,1630,4,3,0
1634,320,5,9,0
1635,208,2,3,0
1636,321,4,4,0
1637,1497,5,8,0
1638,333,6,4,0
1639,571,1,6,0
1640,1440,3,5,0
1641,1492,6,3,0
1642,1777,3,3,0
1643,661,3,7,0
1644,35,3,6,0
1645,197,5,1,0
1646,1807,3,6,0
1647,212,3,4,0
1648,643,3,4,0
1649,876,5,5,0
1650,946,6,4,0
1651,1877,6,3,0
1652,1847,2,7,0
1653,1281,2,7,0
1654,1603,1,3,0
1655,1554,1,5,0
1656,908,9,2,0
1657,713,3,5,0
1658,819,4,5,0
1659,35,2,2,0
1660,135,3,4,0
1661,411,2,2,0
1662,361,6,6,0
1663,641,5,5,0
1664,1284,3,4,0
1665,97,3,3,0
1666,1802,6,4,0
1667,1887,7,0,0
1668,884,1,5,0
1669,209,5,6,0
1670,1476,2,2,0
1671,484,2,6,0
1672,1405,30,5,1
1673,552,3,5,0
1674,444,3,1,0
1675,1820,3,2,0
1676,250,3,5,0
1677,957,7,3,0
1678,513,7,4,0
1679,1108,8,7,0
1680,1522,2,2,0
1681,1642,4,6,0
1682,1281,2,5,0
1683,1722,4,2,0
1684,168,5,4,0
1685,1147,6,12,0
1686,1679,5,3,0
1687,1770,6,9,0
1688,1593,4,5,0
1689,1951,8,6,0
1690,66,5,0,0
1691,1273,4,6,0
1692,1812,2,1,0
1693,303,1,8,0
1694,1624,3,5,0
1695,1220,1,3,0
1696,1771,6,4,0
1697,564,6,4,0
1698,189,3,5,0
1699,1282,2,3,0
1700,35,2,3,0
1701,821,2,4,0
1702,1714,2,4,0
1703,1560,7,5,0
1704,713,14,7,0
1705,1076,3,5,0
1706,924,0,6,0
1707,46,4,4,0
1708,635,4,2,0
1709,1650,2,4,0
1710,1943,44,5,1
1711,1871,3,2,0
1712,1582,6,3,0
1713,581,13,15,0
1714,925,6,2,0
1715,1213,3,4,0
1716,1712,3,4,0
1717,1933,3,3,0
1718,566,1,6,0
1719,492,2,7,0
1720,780,3,7,0
1721,1615,0,5,0
1722,1132,3,4,0
1723,912,5,3,0
1724,1259,2,3,0
1725,322,2,4,0
1726,1888,5,2,0
1727,1417,8,12,0
1728,1161,3,5,0
1729,1721,2,7,0
1730,564,2,9,0
1731,500,6,5,0
1732,1918,0,6,0
1733,1050,4,3,0
1734,919,1,4,0
1735,343,0,5,0
1736,1893,1,6,0
1737,1466,2,7,0
1738,1883,4,4,0
1739,609,5,1,0
1740,1498,3,3,0
1741,1863,3,4,0
1742,1744,3,3,0
1743,1616,4,6,0
1744,1268,4,5,0
1745,110,2,2,0
1746,1566,6,10,0
1747,1759,3,4,0
1748,1139,3,8,0
1749,902,4,2,0
1750,1327,1,6,0
1751,1607,4,3,0
1752,1526,3,2,0
1753,108,2,2,0
1754,214,2,4,0
1755,394,1,3,0
1756,1519,9,11,0
1757,1551,1,3,0
1758,1041,1,3,0
1759,1725,37,4,1
1760,344,4,3,0
1761,1199,4,2,0
1762,1738,5,3,0
1763,764,7,6,0
1764,886,2,6,0
1765,1003,5,4,0
1766,880,0,6,0
1767,505,5,2,0
1768,338,2,3,0
1769,1786,3,2,0
1770,1126,4,5,0
1771,1635,3,3,0
1772,235,2,2,0
1773,1026,5,4,0
1774,109,3,6,0
1775,358,3,10,0
1776,1186,2,5,0
1777,965,3,5,0
1778,1576,2,5,0
1779,1129,1,4,0
1780,818,2,6,0
1781,426,1,4,0
1782,1877,3,2,0
1783,1037,4,6,0
1784,1061,4,1,0
1785,1634,4,3,0
1786,771,3,5,0
1787,1982,5,4,0
1788,1453,3,1,0
1789,1398,2,6,0
1790,503,2,3,0
1791,928,24,3,1
1792,102,3,2,0
1793,62,2,2,0
1794,1251,4,8,0
1795,601,4,6,0
1796,317,6,5,0
1797,1338,3,5,0
1798,1041,3,5,0
1799,1459,30,2,1
1800,722,3,3,0
1801,1902,4,6,0
1802,497,2,4,0
1803,1019,3,4,0
1804,840,3,1,0
1805,1878,3,10,0
1806,1995,4,7,0
1807,1450,3,5,0
1808,1598,0,4,0
1809,636,1,3,0
1810,1598,4,6,0
1811,1644,8,6,0
1812,897,3,1,0
1813,221,2,4,0
1814,766,43,9,1
1815,1522,1,4,0
1816,335,2,2,0
1817,899,3,3,0
1818,245,2,8,0
1819,1414,2,4,0
1820,1885,2,4,0
1821,1732,2,3,0
1822,794,2,2,0
1823,834,2,4,0
1824,331,3,6,0
1825,1533,9,10,0
1826,63,2,2,0
1827,269,2,4,0
1828,1288,2,5,0
1829,104,2,4,0
1830,1415,6,7,0
1831,48,5,5,0
1832,1783,7,6,0
1833,1396,1,5,0
1834,1386,3,4,0
1835,823,3,8,0
1836,1760,2,2,0
1837,1319,2,4,0
1838,957,2,4,0
1839,420,0,5,0
1840,1869,2,2,0
1841,1644,5,3,0
1842,1800,6,2,0
1843,566,6,8,0
1844,1710,2,2,0
1845,491,5,7,0
1846,282,4,6,0
1847,1967,5,2,0
1848,988,4,4,0
1849,1304,2,4,0
1850,1924,3,5,0
1851,1587,4,2,0
1852,1332,3,4,0
1853,760,4,6,0
1854,1532,1,8,0
1855,928,2,6,0
1856,100,3,3,0
1857,1483,4,5,0
1858,1118,6,9,0
1859,1595,2,3,0
1860,1793,0,3,0
1861,1146,3,5,0
1862,119,3,1,0
1863,647,4,4,0
1864,1383,3,3,0
1865,1224,1,5,0
1866,1704,5,2,0
1867,95,5,4,0
1868,1621,8,8,0
1869,867,5,1,0
1870,1289,4,6,0
1871,1560,7,1,0
1872,550,7,4,0
1873,1541,2,2,0
1874,1672,15,9,0
1875,1257,5,3,0
1876,1484,2,6,0
1877,799,3,7,0
1878,1828,0,3,0
1879,1011,3,6,0
1880,1623,6,3,0
1881,133,2,3,0
1882,1947,3,9,0
1883,731,27,3,1
1884,991,1,2,0
1885,329,4,10,0
1886,491,7,2,0
1887,1573,8,8,0
1888,1872,7,6,0
1889,1916,1,3,0
1890,42,2,1,0
1891,212,2,8,0
1892,1205,1,3,0
1893,322,1,4,0
1894,1564,3,2,0
1895,473,2,3,0
1896,1711,2,11,0
1897,1715,5,5,0
1898,584,2,5,0
1899,1176,4,6,0
1900,343,4,4,0
1901,1504,22,6,1
1902,1250,5,7,0
1903,362,4,0,0
1904,1021,5,4,0
1905,544,2,7,0
1906,226,4,5,0
1907,41,1,9,0
1908,1247,2,5,0
1909,903,4,3,0
1910,262,4,3,0
1911,586,2,3,0
1912,1793,8,3,0
1913,1651,2,2,0
1914,681,5,5,0
1915,1487,5,7,0
1916,170,27,3,1
1917,333,2,4,0
1918,604,3,1,0
1919,448,2,2,0
1920,1034,2,6,0
1921,1970,25,3,1
1922,1841,4,2,0
1923,1159,4,4,0
1924,1477,8,4,0
1925,1915,3,7,0
1926,1146,3,6,0
1927,1571,4,4,0
1928,1509,4,9,0
1929,481,1,8,0
1930,1752,4,3,0
1931,1040,2,6,0
1932,1561,8,3,0
1933,1156,4,1,0
1934,559,2,9,0
1935,1540,2,4,0
1936,639,7,5,0
1937,1095,4,5,0
1938,1742,7,2,0
1939,1289,4,7,0
1940,1956,5,8,0
1941,86,2,5,0
1942,730,2,4,0
1943,1554,3,3,0
1944,1370,4,3,0
1945,639,3,2,0
1946,136,2,4,0
1947,941,5,2,0
1948,1107,1,5,0
1949,1941,5,3,0
1950,1177,2,5,0
1951,1478,2,5,0
1952,1601,1,7,0
1953,931,1,3,0
1954,802,6,4,0
1955,69,4,3,0
1956,614,7,4,0
1957,555,3,5,0
1958,1676,4,5,0
1959,1291,2,4,0
1960,411,4,2,0
1961,442,2,3,0
1962,266,3,2,0
1963,1657,4,3,0
1964,1521,2,4,0
1965,460,3,2,0
1966,1852,5,2,0
1967,1149,2,6,0
1968,1669,4,3,0
1969,1988,6,1,0
1970,1937,1,5,0
1971,1065,4,7,0
1972,1286,3,7,0
1973,1669,3,4,0
1974,505,5,1,0
1975,1455,4,3,0
1976,506,6,2,0
1977,854,3,3,0
1978,1180,2,6,0
1979,903,0,4,0
1980,793,1,6,0
1981,1738,2,9,0
1982,44,5,3,0
1983,432,3,4,0
1984,722,4,1,0
1985,604,3,1,0
1986,114,2,4,0
1987,662,6,12,0
1988,1758,10,8,0
1989,1272,8,5,0
1990,756,3,3,0
1991,830,4,2,0
1992,283,6,5,0
1993,729,7,0,0
1994,46,3,0,0
1995,588,4,6,0
1996,1877,5,4,0
1997,920,4,6,0
1998,1408,2,5,0
1999,563,3,7,0
2000,475,5,2,0
2001,341,1,6,0
2002,97,4,3,0
2003,1415,4,1,0
2004,1494,3,4,0
2005,1560,3,5,0
2006,552,5,3,0
2007,1762,6,3,0
2008,1408,3,2,0
2009,496,3,4,0
2010,154,1,8,0
2011,1107,4,2,0
2012,1440,2,2,0
2013,609,2,4,0
2014,1228,2,4,0
2015,1200,1,5,0
2016,1667,6,5,0
2017,1046,5,4,0
2018,1265,5,4,0
2019,1722,2,6,0
2020,878,4,4,0
2021,1901,8,11,0
2022,198,2,4,0
2023,268,3,5,0
2024,511,4,3,0
2025,202,3,3,0
2026,104,3,1,0
2027,764,5,5,0
2028,290,2,2,0
2029,417,2,3,0
2030,1257,3,3,0
2031,1905,8,2,0
2032,1962,4,3,0
2033,1521,3,6,0
2034,960,2,6,0
2035,1852,5,2,0
2036,759,4,5,0
2037,1496,2,5,0
2038,61,4,4,0
2039,1506,6,3,0
2040,642,4,7,0
2041,1609,4,4,0
2042,508,2,3,0
2043,1278,3,5,0
2044,524,4,2,0
2045,59,3,1,0
2046,345,5,8,0
2047,1710,4,3,0
2048,827,5,7,0
2049,891,3,5,0
2050,1311,2,3,0
2051,1041,6,2,0
2052,1363,4,1,0
2053,1682,4,2,0
2054,1017,2,4,0
2055,430,3,2,0
2056,1223,1,3,0
2057,1228,2,4,0
2058,763,5,5,0
2059,731,4,8,0
2060,747,2,2,0
2061,889,4,5,0
2062,1603,2,4,0
2063,1529,4,7,0
2064,842,5,3,0
2065,888,4,8,0
2066,171,3,6,0
2067,618,27,1,1
2068,475,3,3,0
2069,418,3,2,0
2070,1157,3,3,0
2071,722,4,6,0
2072,243,5,1,0
2073,1353,6,4,0
2074,119,7,4,0
2075,274,1,4,0
2076,1109,5,3,0
2077,1230,4,5,0
2078,1238,1,3,0
2079,556,6,8,0
2080,553,5,4,0
2081,1690,3,2,0
2082,477,1,6,0
2083,1863,4,1,0
2084,1867,2,4,0
2085,489,2,6,0
2086,508,3,5,0
2087,560,2,2,0
2088,33,24,4,1
2089,733,4,5,0
2090,416,35,4,1
2091,1998,3,5,0
2092,1575,1,3,0
2093,1609,2,4,0
2094,1779,3,3,0
2095,400,2,4,0
2096,1041,2,4,0
2097,1339,2,6,0
2098,1411,2,2,0
2099,152,7,5,0
2100,1295,8,3,0
2101,1529,5,4,0
2102,1878,1,4,0
2103,1012,7,7,0
2104,369,5,7,0
2105,1834,5,9,0
2106,370,6,10,0
2107,335,6,2,0
2108,277,4,6,0
2109,1397,2,1,0
2110,660,3,1,0
2111,1977,4,2,0
2112,1830,3,5,0
2113,1676,2,2,0
2114,1200,4,0,0
2115,1289,4,4,0
2116,1045,2,4,0
2117,1662,1,5,0
2118,1982,3,1,0
2119,779,1,6,0
2120,1350,3,1,0
2121,1107,1,4,0
2122,1977,5,6,0
2123,1796,4,4,0
2124,1577,3,4,0
2125,48,2,7,0
2126,1037,6,5,0
2127,1612,3,5,0
2128,1697,0,8,0
2129,180,4,8,0
2130,635,2,3,0
2131,1337,4,2,0
2132,1950,7,5,0
2133,1648,3,0,0
2134,1980,5,7,0
2135,363,2,2,0
2136,1234,3,6,0
2137,377,34,4,1
2138,946,1,9,0
2139,1377,2,8,0
2140,549,22,0,1
2141,113,3,1,0
2142,1410,2,5,0
2143,1949,3,4,0
2144,1418,4,13,0
2145,564,3,1,0
2146,1653,5,6,0
2147,69,4,5,0
2148,1199,0,5,0
2149,530,1,5,0
2150,1410,1,6,0
2151,1049,3,4,0
2152,1297,5,6,0
2153,722,6,2,0
2154,803,1,4,0
2155,399,2,4,0
2156,340,3,3,0
2157,956,4,1,0
2158,1325,2,7,0
2159,1615,4,1,0
2160,164,5,0,0
2161,528,4,7,0
2162,309,3,4,0
2163,1191,1,4,0
2164,309,3,5,0
2165,969,2,4,0
2166,301,4,5,0
2167,1546,3,4,0
2168,1838,2,6,0
2169,1287,1,2,0
2170,1304,4,3,0
2171,483,3,3,0
2172,519,3,8,0
2173,211,3,5,0
2174,1201,3,6,0
2175,810,3,3,0
2176,776,0,4,0
2177,1688,5,6,0
2178,938,9,3,0
2179,1974,1,3,0
2180,864,1,4,0
2181,801,3,3,0
2182,1042,4,2,0
2183,1096,5,3,0
2184,311,3,1,0
2185,809,3,5,0
2186,1831,4,3,0
2187,301,2,6,0
2188,1624,5,5,0
2189,452,3,3,0
2190,1558,4,5,0
2191,1495,2,6,0
2192,70,1,4,0
2193,770,4,5,0
2194,264,1,5,0
2195,1242,2,4,0
2196,1048,4,9,0
2197,961,4,3,0
2198,336,8,1,0
2199,908,3,4,0
2200,674,3,2,0
2201,1701,0,7,0
2202,505,2,4,0
2203,1061,2,8,0
2204,1642,5,3,0
2205,1199,2,2,0
2206,1813,2,3,0
2207,1864,6,4,0
2208,1136,3,3,0
2209,1561,1,4,0
2210,195,3,4,0
2211,38,4,9,0
2212,1644,3,5,0
2213,66,2,2,0
2214,1042,1,3,0
2215,1463,1,2,0
2216,1856,4,5,0
2217,170,1,2,0
2218,1884,2,5,0
2219,61,1,5,0
2220,784,42,1,1
2221,169,1,6,0
2222,855,2,2,0
2223,1212,5,1,0
2224,1925,3,4,0
2225,415,6,7,0
2226,575,7,1,0
2227,324,1,2,0
2228,328,4,0,0
2229,1535,1,4,0
2230,719,3,2,0
2231,1281,3,3,0
2232,956,1,5,0
2233,744,4,3,0
2234,299,5,1,0
2235,1649,5,3,0
2236,152,2,4,0
2237,375,1,4,0
2238,329,4,2,0
2239,124,3,3,0
2240,1691,6,9,0
2241,1470,9,5,0
2242,1138,4,4,0
2243,959,2,7,0
2244,986,4,1,0
2245,925,0,4,0
2246,168,5,2,0
2247,1185,3,2,0
2248,951,1,6,0
2249,44,0,3,0
2250,928,3,3,0
2251,298,1,3,0
2252,622,4,2,0
2253,248,2,1,0
2254,1906,2,2,0
2255,387,5,1,0
2256,1885,1,7,0
2257,1580,2,3,0
2258,1503,4,3,0
2259,861,35,4,1
2260,742,4,1,0
2261,1486,3,2,0
2262,711,4,6,0
2263,1469,6,5,0
2264,1642,1,4,0
2265,111,4,4,0
2266,697,5,6,0
2267,1501,6,4,0
2268,1657,5,0,0
2269,632,3,6,0
2270,223,1,2,0
2271,1305,7,2,0
2272,1650,1,3,0
2273,788,3,4,0
2274,314,3,6,0
2275,1069,2,1,0
2276,911,5,4,0
2277,471,4,8,0
2278,1323,2,3,0
2279,152,13,7,0
2280,1054,7,4,0
2281,1388,3,5,0
2282,1877,2,4,0
2283,1762,2,4,0
2284,1721,3,4,0
2285,102,4,7,0
2286,948,9,5,0
2287,1976,2,6,0
2288,209,3,2,0
2289,211,4,3,0
2290,1926,1,4,0
2291,1830,1,5,0
2292,962,4,3,0
2293,1607,2,2,0
2294,1763,37,4,1
2295,1292,1,7,0
2296,1483,2,3,0
2297,709,3,3,0
2298,1638,4,2,0
2299,387,6,4,0
2300,284,2,7,0
2301,691,6,4,0
2302,1510,4,6,0
2303,674,4,1,0
2304,698,0,4,0
2305,1054,3,3,0
2306,167,1,4,0
2307,238,6,4,0
2308,656,1,2,0
2309,1517,2,5,0
2310,54,6,6,0
2311,617,3,5,0
2312,1842,7,7,0
2313,791,3,2,0
2314,167,3,2,0
2315,1067,2,2,0
2316,1559,4,4,0
2317,684,2,6,0
2318,1758,9,6,0
2319,217,2,7,0
2320,927,0,5,0
2321,717,4,6,0
2322,1724,2,4,0
2323,1126,3,5,0
2324,1203,4,7,0
2325,1455,4,0,0
2326,1081,2,1,0
2327,287,8,8,0
2328,1633,7,7,0
2329,504,8,6,0
2330,943,3,4,0
2331,1819,2,5,0
2332,1123,1,3,0
2333,849,3,1,0
2334,55,1,4,0
2335,1038,6,8,0
2336,768,1,3,0
2337,902,6,4,0
2338,114,4,6,0
2339,935,3,2,0
2340,1331,3,2,0
2341,1013,3,4,0
2342,770,2,4,0
2343,1427,3,3,0
2344,346,2,5,0
2345,998,4,6,0
2346,1361,3,7,0
2347,201,1,6,0
2348,1191,4,2,0
2349,1821,3,5,0
2350,212,3,2,0
2351,354,8,4,0
2352,1223,3,2,0
2353,1496,20,3,1
2354,1980,7,10,0
2355,232,40,3,1
2356,411,8,2,0
2357,1790,3,6,0
2358,203,2,6,0
2359,1838,3,3,0
2360,1064,1,2,0
2361,1813,2,5,0
2362,1909,2,6,0
2363,946,41,2,1
2364,894,2,2,0
2365,891,1,3,0
2366,1286,3,4,0
2367,1937,3,2,0
2368,1674,1,4,0
2369,1946,3,5,0
2370,474,3,5,0
2371,878,4,2,0
2372,1636,2,5,0
2373,293,5,7,0
2374,983,4,4,0
2375,1480,4,1,0
2376,1697,2,2,0
2377,1426,1,4,0
2378,548,1,4,0
2379,1969,6,4,0
2380,1723,7,4,0
2381,53,2,4,0
2382,279,1,6,0
2383,1517,3,2,0
2384,1629,4,5,0
2385,473,6,3,0
2386,1557,4,4,0
2387,87,2,2,0
2388,94,2,7,0
2389,817,2,4,0
2390,1783,2,3,0
2391,892,5,3,0
2392,1089,3,2,0
2393,1051,6,4,0
2394,790,3,6,0
2395,412,2,6,0
2396,122,0,5,0
2397,1597,3,3,0
2398,49,4,6,0
2399,1226,3,5,0
2400,606,0,4,0
2401,1870,2,3,0
2402,1188,2,1,0
2403,657,3,4,0
2404,1580,4,1,0
2405,308,1,3,0
2406,1073,2,1,0
2407,1166,3,3,0
2408,945,0,5,0
2409,176,31,4,1
2410,507,4,6,0
2411,1603,5,3,0
2412,145,4,2,0
2413,495,9,1,0
2414,261,1,5,0
2415,811,1,3,0
2416,945,6,5,0
2417,43,3,3,0
2418,613,2,2,0
2419,1345,3,6,0
2420,1345,1,3,0
2421,1778,0,6,0
2422,1250,3,2,0
2423,1292,3,0,0
2424,1517,7,1,0
2425,154,4,4,0
2426,828,4,6,0
2427,1795,6,4,0
2428,542,1,4,0
2429,1479,5,8,0
2430,1813,2,9,0
2431,302,2,4,0
2432,1773,4,2,0
2433,767,4,6,0
2434,1705,3,5,0
2435,1690,3,3,0
2436,592,4,3,0
2437,525,3,3,0
2438,918,1,7,0
2439,1049,4,6,0
2440,273,2,3,0
2441,574,2,2,0
2442,1797,3,6,0
2443,1075,1,4,0
2444,1010,2,6,0
2445,1793,1,6,0
2446,1151,4,5,0
2447,1140,3,4,0
2448,489,2,2,0
2449,1934,3,4,0
2450,355,5,3,0
2451,1204,3,1,0
2452,1452,2,4,0
2453,472,3,6,0
2454,1840,6,5,0
2455,1271,1,4,0
2456,1345,3,6,0
2457,739,9,8,0
2458,440,2,3,0
2459,1708,2,3,0
2460,303,1,5,0
2461,1703,2,2,0
2462,679,2,2,0
2463,1319,1,7,0
2464,878,2,2,0
2465,1464,5,3,0
2466,638,2,5,0
2467,1462,2,3,0
2468,1452,6,3,0
2469,206,3,3,0
2470,1601,1,2,0
2471,833,4,2,0
2472,550,2,3,0
2473,1242,6,6,0
2474,1770,2,3,0
2475,708,4,7,0
2476,154,2,2,0
2477,1574,4,4,0
2478,1848,3,3,0
2479,1375,4,6,0
2480,924,5,4,0
2481,231,2,4,0
2482,1901,5,3,0
2483,822,3,5,0
2484,1492,1,5,0
2485,1990,6,2,0
2486,1330,2,6,0
2487,34,4,3,0
2488,1362,5,5,0
2489,936,3,3,0
2490,435,3,2,0
2491,534,10,10,0
2492,951,4,2,0
2493,236,1,4,0
2494,1361,4,3,0
2495,1847,3,2,0
2496,1090,2,1,0
2497,1278,2,2,0
2498,714,4,1,0
2499,1316,3,3,0
2500,553,2,1,0
2501,1364,2,3,0
2502,858,4,3,0
2503,1541,3,4,0
2504,639,2,2,0
2505,1969,2,4,0
2506,690,4,3,0
2507,594,5,4,0
2508,883,7,3,0
2509,947,4,6,0
2510,1303,3,3,0
2511,155,1,5,0
2512,1688,2,1,0
2513,366,4,2,0
2514,792,2,4,0
2515,662,2,2,0
2516,714,3,2,0
2517,388,2,3,0
2518,1600,5,2,0
2519,527,4,5,0
2520,300,4,4,0
2521,220,6,3,0
2522,449,7,5,0
2523,567,3,3,0
2524,805,5,1,0
2525,1970,7,4,0
2526,1410,1,5,0
2527,100,2,3,0
2528,89,3,2,0
2529,218,19,5,1
2530,1993,4,4,0
2531,510,6,2,0
2532,1583,3,2,0
2533,1093,2,3,0
2534,891,5,3,0
2535,1458,2,2,0
2536,73,6,4,0
2537,856,1,7,0
2538,1416,4,8,0
2539,945,1,3,0
2540,243,4,3,0
2541,1213,2,4,0
2542,239,0,4,0
2543,1134,2,3,0
2544,1465,3,3,0
2545,315,1,3,0
2546,1192,2,1,0
2547,922,1,4,0
2548,224,3,2,0
2549,1783,4,4,0
2550,786,2,3,0
2551,1513,2,1,0
2552,87,2,4,0
2553,1017,3,4,0
2554,974,2,3,0
2555,213,5,2,0
2556,1341,3,1,0
2557,694,0,4,0
2558,160,3,0,0
2559,1882,2,3,0
2560,1302,1,3,0
2561,1597,2,3,0
2562,535,4,6,0
2563,1901,4,4,0
2564,1526,1,6,0
2565,868,5,3,0
2566,158,2,3,0
2567,1015,4,4,0
2568,1291,3,5,0
2569,1384,4,6,0
2570,1042,3,5,0
2571,1972,1,3,0
2572,1375,1,4,0
2573,1287,2,4,0
2574,1052,41,2,1
2575,158,2,3,0
2576,1553,2,3,0
2577,1216,2,7,0
2578,1713,2,2,0
2579,134,3,1,0
2580,1651,3,4,0
2581,420,3,2,0
2582,1913,4,4,0
2583,697,4,5,0
2584,1135,4,3,0
2585,129,4,2,0
2586,152,3,1,0
2587,889,2,2,0
2588,225,4,7,0
2589,991,5,2,0
2590,1615,3,4,0
2591,584,6,3,0
2592,1044,3,3,0
2593,1801,2,3,0
2594,1464,2,3,0
2595,1934,2,8,0
2596,1191,3,4,0
2597,1581,3,1,0
2598,1031,6,2,0
2599,991,3,5,0
2600,1054,3,5,0
2601,1720,2,8,0
2602,824,3,3,0
2603,615,4,2,0
2604,972,3,5,0
2605,1087,2,2,0
2606,1597,0,7,0
2607,1660,24,4,1
2608,1799,3,6,0
2609,1492,2,2,0
2610,1453,2,1,0
2611,201,1,3,0
2612,1747,2,3,0
2613,1749,3,0,0
2614,1931,4,1,0
2615,1724,4,2,0
2616,1673,0,3,0
2617,990,4,7,0
2618,1632,1,3,0
2619,1689,2,2,0
2620,1946,5,4,0
2621,1096,4,3,0
2622,725,3,2,0
2623,1284,1,4,0
2624,943,2,2,0
2625,951,4,3,0
2626,1167,4,2,0
2627,711,1,2,0
2628,1900,2,6,0
2629,1209,4,3,0
2630,1748,3,5,0
2631,32,2,4,0
2632,1542,3,3,0
2633,192,2,2,0
2634,334,34,3,1
2635,1629,3,4,0
2636,1435,3,1,0
2637,783,2,8,0
2638,461,3,5,0
2639,1922,3,3,0
2640,190,2,4,0
2641,1748,3,1,0
2642,307,2,5,0
2643,1799,1,3,0
2644,1885,4,7,0
2645,669,1,6,0
2646,1664,4,1,0
2647,913,7,7,0
2648,1963,4,4,0
2649,816,1,3,0
2650,1427,1,2,0
2651,1283,1,7,0
2652,1460,5,0,0
2653,1606,0,5,0
2654,164,5,1,0
2655,1784,2,1,0
2656,1601,6,5,0
2657,1306,9,3,0
2658,706,1,6,0
2659,342,7,6,0
2660,1874,3,2,0
2661,135,4,5,0
2662,1314,3,0,0
2663,157,2,4,0
2664,639,4,5,0
2665,169,1,4,0
2666,1491,3,5,0
2667,1991,3,5,0
2668,1979,2,7,0
2669,1436,6,2,0
2670,91,2,1,0
2671,779,5,4,0
2672,658,2,3,0
2673,1060,5,2,0
2674,837,4,5,0
2675,1192,3,1,0
2676,1591,7,2,0
2677,995,2,3,0
2678,1565,2,1,0
2679,881,4,5,0
2680,1594,4,1,0
2681,480,3,4,0
2682,1798,5,3,0
2683,1818,3,3,0
2684,1139,4,4,0
2685,518,5,5,0
2686,592,3,6,0
2687,409,3,5,0
2688,1247,2,6,0
2689,1539,3,2,0
2690,338,3,2,0
2691,1774,3,4,0
2692,1799,1,4,0
2693,1473,2,1,0
2694,800,6,2,0
2695,1232,2,6,0
2696,1380,4,2,0
2697,1992,3,2,0
2698,942,4,4,0
2699,1064,5,4,0
2700,1098,3,3,0
2701,1609,7,2,0
2702,1666,2,1,0
2703,250,2,3,0
2704,559,3,3,0
2705,1450,3,3,0
2706,485,4,0,0
2707,1227,2,4,0
2708,1465,2,3,0
2709,328,3,4,0
2710,1964,4,5,0
2711,1454,3,5,0
2712,1534,2,3,0
2713,1825,2,5,0
2714,758,2,4,0
2715,459,4,2,0
2716,355,3,1,0
2717,1140,1,6,0
2718,63,5,6,0
2719,1830,2,2,0
2720,496,3,1,0
2721,505,2,6,0
2722,1922,4,4,0
2723,306,5,2,0
2724,1703,6,3,0
2725,1735,3,2,0
2726,1880,5,1,0
2727,166,4,3,0
2728,907,3,3,0
2729,1364,2,4,0
2730,1586,3,3,0
2731,643,3,1,0
2732,684,3,5,0
2733,942,3,6,0
2734,1559,4,4,0
2735,1798,3,2,0
2736,454,2,5,0
2737,1207,4,1,0
2738,471,2,2,0
2739,594,1,3,0
2740,583,4,0,0
2741,1582,5,3,0
2742,436,3,4,0
2743,571,3,4,0
2744,518,4,2,0
2745,901,4,4,0
2746,1342,4,7,0
2747,1746,26,3,1
2748,1822,2,4,0
2749,255,2,2,0
2750,100,2,4,0
2751,1064,1,7,0
2752,788,5,4,0
2753,543,4,2,0
2754,1786,4,5,0
2755,1651,22,2,1
2756,1779,4,8,0
2757,1782,4,3,0
2758,1613,2,4,0
2759,1760,4,4,0
2760,988,1,4,0
2761,1114,0,4,0
2762,225,3,4,0
2763,624,3,2,0
2764,744,1,3,0
2765,549,3,4,0
2766,474,2,2,0
2767,1014,2,3,0
2768,1223,4,2,0
2769,584,1,4,0
2770,1730,2,1,0
2771,1496,3,8,0
2772,1674,1,3,0
2773,1942,2,3,0
2774,751,6,4,0
2775,1051,1,2,0
2776,1990,2,3,0
2777,183,1,3,0
2778,1322,5,2,0
2779,1208,2,2,0
2780,220,5,4,0
2781,961,1,4,0
2782,1161,4,0,0
2783,1768,3,5,0
2784,710,3,3,0
2785,1524,2,2,0
2786,1457,2,5,0
2787,186,3,2,0
2788,1760,1,4,0
2789,1274,4,4,0
2790,1921,2,2,0
2791,1085,4,6,0
2792,1790,2,3,0
2793,1582,2,6,0
2794,1134,0,3,0
2795,1281,2,4,0
2796,1748,4,8,0
2797,59,3,3,0
2798,892,2,1,0
2799,375,2,2,0
2800,1136,1,5,0
2801,837,2,6,0
2802,1892,7,4,0
2803,429,8,9,0
2804,1143,3,6,0
2805,30,2,2,0
2806,1347,5,6,0
2807,889,3,2,0
2808,1621,2,4,0
2809,1863,5,1,0
2810,494,1,2,0
2811,632,1,6,0
2812,1948,2,1,0
2813,1518,3,1,0
2814,1400,1,2,0
2815,1444,2,2,0
2816,931,1,3,0
2817,1630,8,1,0
2818,1413,2,3,0
2819,1301,1,2,0
2820,483,1,2,0
2821,699,3,2,0
2822,1338,3,3,0
2823,1866,6,2,0
2824,972,3,2,0
2825,1587,4,2,0
2826,88,3,4,0
2827,1762,3,11,0
2828,149,1,5,0
2829,1866,5,1,0
2830,391,1,5,0
2831,1613,3,3,0
2832,319,3,1,0
2833,1287,3,4,0
2834,912,2,5,0
2835,1075,4,5,0
2836,1615,3,8,0
2837,479,3,0,0
2838,348,4,1,0
2839,322,5,3,0
2840,1838,0,4,0
2841,1754,7,7,0
2842,1311,3,4,0
2843,660,2,1,0
2844,192,1,6,0
2845,1175,1,2,0
2846,1743,2,6,0
2847,1687,3,4,0
2848,632,1,2,0
2849,1893,1,3,0
2850,257,3,4,0
2851,41,2,3,0
2852,1502,3,6,0
2853,1095,40,5,1
2854,1817,3,3,0
2855,1661,4,4,0
2856,665,1,3,0
2857,963,1,4,0
2858,1449,28,4,1
2859,226,4,4,0
2860,1374,4,8,0
2861,954,4,2,0
2862,1001,4,1,0
2863,512,3,3,0
2864,1471,2,3,0
2865,1668,2,3,0
2866,1245,3,5,0
2867,1486,4,5,0
2868,962,3,2,0
2869,391,4,5,0
2870,1155,4,3,0
2871,1309,3,10,0
2872,1071,2,6,0
2873,423,2,2,0
2874,1587,6,4,0
2875,733,2,6,0
2876,624,3,2,0
2877,1764,3,1,0
2878,692,1,7,0
2879,467,3,3,0
2880,1048,3,7,0
2881,61,4,2,0
2882,503,5,4,0
2883,974,2,3,0
2884,1460,2,2,0
2885,1673,4,1,0
2886,1278,3,3,0
2887,1160,2,3,0
2888,1105,3,2,0
2889,436,1,5,0
2890,1826,1,3,0
2891,1055,2,3,0
2892,1486,3,3,0
2893,1997,1,4,0
2894,784,2,2,0
2895,1901,3,2,0
2896,533,2,4,0
2897,988,4,2,0
2898,1283,0,4,0
2899,128,28,2,1
2900,1543,2,5,0
2901,1553,2,2,0
2902,1611,2,1,0
2903,1915,1,4,0
2904,1515,4,1,0
2905,810,3,4,0
2906,699,1,5,0
2907,1165,2,3,0
2908,1240,3,2,0
2909,1738,5,2,0
2910,844,7,2,0
2911,1410,1,3,0
2912,1676,1,4,0
2913,1815,3,2,0
2914,1293,1,4,0
2915,1040,3,3,0
2916,1961,4,6,0
2917,1554,2,2,0
2918,1443,2,1,0
2919,1584,5,6,0
2920,1832,4,2,0
2921,94,2,3,0
2922,117,1,10,0
2923,860,1,5,0
2924,1437,3,3,0
2925,611,1,2,0
2926,1895,3,5,0
2927,1924,1,6,0
2928,631,1,5,0
2929,1312,3,1,0
2930,1526,1,3,0
2931,233,3,2,0
2932,886,5,4,0
2933,1284,2,2,0
2934,1586,2,4,0
2935,747,37,1,1
2936,1901,2,3,0
2937,153,6,3,0
2938,1498,2,5,0
2939,898,4,5,0
2940,162,1,6,0
2941,193,7,2,0
2942,1848,3,4,0
2943,1045,1,5,0
2944,1584,1,7,0
2945,1219,2,2,0
2946,1678,1,5,0
2947,154,5,4,0
2948,940,2,1,0
2949,252,1,2,0
2950,1017,2,4,0
2951,1070,1,3,0
2952,147,2,3,0
2953,1285,1,5,0
2954,1391,4,6,0
2955,858,2,3,0
2956,1468,1,5,0
2957,1747,3,4,0
2958,1761,3,2,0
2959,463,2,3,0
2960,621,3,3,0
2961,1487,4,3,0
2962,932,2,4,0
2963,366,3,3,0
2964,1745,2,2,0
2965,316,4,3,0
2966,1620,0,5,0
2967,1651,2,1,0
2968,1925,3,0,0
2969,1479,3,4,0
2970,294,6,2,0
2971,867,3,2,0
2972,853,4,3,0
2973,1356,2,3,0
2974,812,2,2,0
2975,438,3,1,0
2976,1966,2,1,0
2977,1855,4,3,0
2978,1470,3,2,0
2979,210,1,4,0
2980,1995,3,3,0
2981,704,1,3,0
2982,1551,4,2,0
2983,1112,2,2,0
2984,1176,2,3,0
2985,1297,2,2,0
2986,483,3,2,0
2987,272,1,4,0
2988,755,6,2,0
2989,727,2,2,0
2990,575,4,3,0
2991,281,5,2,0
2992,425,3,1,0
2993,726,1,3,0
2994,1412,2,2,0
2995,1511,0,5,0
2996,1132,2,3,0
2997,1132,0,4,0
2998,1876,3,3,0
2999,205,4,1,0
3000,1896,2,1,0
3001,1054,1,2,0
3002,1925,1,4,0
3003,780,1,5,0
3004,269,2,3,0
3005,566,3,4,0
3006,454,2,2,0
3007,235,2,8,0
3008,698,2,3,0
3009,394,3,5,0
3010,1797,2,1,0
3011,678,5,1,0
3012,1348,3,2,0
3013,452,1,2,0
3014,307,3,6,0
3015,1113,4,4,0
3016,1711,1,6,0
3017,790,6,1,0
3018,1581,1,7,0
3019,516,1,5,0
3020,1149,2,3,0
3021,153,1,5,0
3022,512,7,6,0
3023,1908,1,4,0
3024,284,9,4,0
3025,346,2,3,0
3026,1216,1,3,0
3027,1182,1,3,0
3028,1882,3,3,0
3029,720,2,4,0
3030,199,0,5,0
3031,535,3,2,0
3032,455,5,2,0
3033,130,1,4,0
3034,937,4,2,0
3035,786,5,2,0
3036,650,4,0,0
3037,1460,3,3,0
3038,641,4,2,0
3039,848,3,3,0
3040,1737,1,3,0
3041,1186,3,3,0
3042,1448,3,2,0
3043,1097,4,0,0
3044,1546,3,2,0
3045,1405,1,2,0
3046,1640,3,1,0
3047,1055,2,4,0
3048,1866,3,4,0
3049,1600,3,3,0
3050,319,3,2,0
3051,211,0,3,0
3052,314,3,2,0
3053,460,2,4,0
3054,470,0,3,0
3055,1403,4,4,0
3056,1266,3,3,0
3057,573,3,3,0
3058,718,1,2,0
3059,128,2,1,0
3060,1503,0,3,0
3061,165,1,3,0
3062,1402,3,3,0
3063,1004,23,2,1
3064,1301,3,2,0
3065,1122,4,3,0
3066,1436,4,3,0
3067,168,3,1,0
3068,364,5,2,0
3069,1191,2,3,0
3070,1594,2,4,0
3071,1298,3,3,0
3072,156,2,5,0
3073,1620,1,3,0
3074,945,8,9,0
3075,798,1,2,0
3076,1891,5,3,0
3077,545,0,6,0
3078,1475,2,5,0
3079,1029,4,1,0
3080,745,3,5,0
3081,1098,5,2,0
3082,1173,1,3,0
3083,1468,3,7,0
3084,851,1,3,0
3085,1704,1,2,0
3086,778,2,1,0
3087,738,3,1,0
3088,689,2,3,0
3089,905,2,1,0
3090,1158,1,5,0
3091,1034,6,7,0
3092,128,1,5,0
3093,218,1,3,0
3094,764,5,1,0
3095,1996,1,3,0
3096,1840,2,1,0
3097,1812,6,3,0
3098,1764,1,5,0
3099,1815,1,3,0
3100,1937,1,3,0
3101,64,4,3,0
3102,1825,10,0,0
3103,511,1,2,0
3104,1005,0,7,0
3105,772,5,0,0
3106,393,3,4,0
3107,1396,2,6,0
3108,764,25,4,1
3109,957,5,1,0
3110,1309,3,4,0
3111,1758,5,1,0
3112,241,2,6,0
3113,462,1,6,0
3114,789,1,5,0
3115,1914,1,2,0
3116,510,42,2,1
3117,1194,4,4,0
3118,1695,2,2,0
3119,869,3,4,0
3120,1077,1,4,0
3121,1225,5,1,0
3122,1659,2,2,0
3123,1518,2,3,0
3124,321,2,1,0
3125,1834,6,4,0
3126,231,3,2,0
3127,962,5,7,0
3128,784,0,4,0
3129,684,2,4,0
3130,1540,1,2,0
3131,71,5,3,0
3132,537,2,3,0
3133,1790,4,3,0
3134,1623,3,1,0
3135,900,2,3,0
3136,1827,3,1,0
3137,1033,1,6,0
3138,1978,3,1,0
3139,1878,3,3,0
3140,884,3,1,0
3141,1702,3,1,0
3142,1950,3,3,0
3143,310,4,2,0
3144,105,4,3,0
3145,1786,3,2,0
3146,495,3,3,0
3147,1000,1,3,0
3148,1381,4,5,0
3149,1150,2,4,0
3150,1367,2,3,0
3151,476,2,4,0
3152,828,1,2,0
3153,1824,2,4,0
3154,435,3,3,0
3155,1363,2,4,0
3156,1348,6,8,0
3157,905,2,3,0
3158,75,10,3,0
3159,1162,3,1,0
3160,836,2,6,0
3161,746,8,3,0
3162,868,3,2,0
3163,434,1,7,0
3164,1539,3,1,0
3165,1809,0,4,0
3166,499,3,1,0
3167,1336,4,1,0
3168,102,3,2,0
3169,1190,3,3,0
3170,1036,1,3,0
3171,554,2,1,0
3172,1544,1,6,0
3173,72,3,3,0
3174,1518,3,3,0
3175,778,0,4,0
3176,1297,1,2,0
3177,113,4,2,0
3178,1480,1,5,0
3179,1625,2,3,0
3180,1533,2,5,0
3181,1978,1,3,0
3182,301,2,2,0
3183,371,2,4,0
3184,138,2,2,0
3185,1120,2,8,0
3186,1224,1,4,0
3187,1984,2,4,0
3188,599,1,2,0
3189,1894,2,2,0
3190,1330,3,2,0
3191,1064,3,2,0
3192,192,0,5,0
3193,617,4,2,0
3194,513,4,0,0
3195,988,2,6,0
3196,120,2,2,0
3197,1369,3,2,0
3198,701,3,1,0
3199,1120,3,3,0
3200,300,2,4,0
3201,1078,3,3,0
3202,554,2,3,0
3203,999,5,3,0
3204,1643,3,1,0
3205,1660,5,3,0
3206,1328,1,4,0
3207,1769,1,11,0
3208,1038,3,5,0
3209,1232,4,6,0
3210,1479,2,3,0
3211,1320,2,4,0
3212,848,2,1,0
3213,375,3,3,0
3214,1181,1,3,0
3215,1605,4,3,0
3216,592,1,2,0
3217,609,3,1,0
3218,1926,6,6,0
3219,1987,1,2,0
3220,1982,2,2,0
3221,1410,2,2,0
3222,604,3,2,0
3223,240,2,1,0
3224,1547,2,1,0
3225,481,2,2,0
3226,395,3,2,0
3227,313,26,2,1
3228,1363,3,0,0
3229,126,0,4,0
3230,432,3,1,0
3231,33,5,9,0
3232,384,4,0,0
3233,1294,0,6,0
3234,476,3,4,0
3235,628,2,4,0
3236,721,4,1,0
3237,742,4,3,0
3238,40,1,2,0
3239,329,2,5,0
3240,536,7,1,0
3241,446,3,7,0
3242,1458,4,1,0
3243,1727,5,3,0
3244,545,5,3,0
3245,842,2,2,0
3246,182,5,2,0
3247,1356,0,3,0
3248,1599,3,1,0
3249,86,3,1,0
3250,145,2,1,0
3251,901,3,1,0
3252,1565,4,2,0
3253,1735,4,2,0
3254,423,2,2,0
3255,758,2,2,0
3256,1121,5,2,0
3257,303,0,4,0
3258,963,1,3,0
3259,515,3,4,0
3260,1282,2,3,0
3261,319,4,2,0
3262,36,2,4,0
3263,1117,5,4,0
3264,791,2,4,0
3265,863,0,4,0
3266,402,2,3,0
3267,1387,2,3,0
3268,1018,1,3,0
3269,1650,7,8,0
3270,933,0,3,0
3271,832,4,0,0
3272,1200,2,3,0
3273,1103,2,5,0
3274,1041,4,6,0
3275,307,1,7,0
3276,188,1,3,0
3277,384,3,5,0
3278,1147,6,1,0
3279,925,5,9,0
3280,135,4,3,0
3281,654,32,3,1
3282,403,4,5,0
3283,1382,7,4,0
3284,136,2,4,0
3285,72,2,3,0
3286,1854,2,2,0
3287,58,4,4,0
3288,1301,1,6,0
3289,86,3,3,0
3290,1939,1,4,0
3291,1159,4,6,0
3292,582,3,5,0
3293,71,2,2,0
3294,1394,4,1,0
3295,691,1,4,0
3296,1361,3,1,0
3297,979,10,2,0
3298,1759,1,4,0
3299,1929,3,3,0
3300,1715,2,3,0
3301,1243,1,6,0
3302,980,5,4,0
3303,1390,5,3,0
3304,138,6,2,0
3305,566,5,3,0
3306,459,3,3,0
3307,1284,7,7,0
3308,1458,2,2,0
3309,546,3,2,0
3310,44,3,2,0
3311,1255,5,3,0
3312,188,1,5,0
3313,1916,3,3,0
3314,1832,2,5,0
3315,1117,2,2,0
3316,594,5,2,0
3317,1331,2,6,0
3318,1146,8,3,0
3319,749,3,5,0
3320,1384,1,4,0
3321,770,1,2,0
3322,948,4,7,0
3323,1018,3,4,0
3324,1272,1,4,0
3325,1544,1,3,0
3326,1858,0,5,0
3327,1382,5,7,0
3328,1322,2,2,0
3329,769,2,1,0
3330,1968,5,2,0
3331,488,2,2,0
3332,1326,2,3,0
3333,1437,1,4,0
3334,1470,1,2,0
3335,283,4,4,0
3336,983,1,3,0
3337,1131,3,1,0
3338,580,4,7,0
3339,1642,4,1,0
3340,883,3,3,0
3341,1609,3,1,0
3342,878,1,6,0
3343,1871,1,3,0
3344,1739,1,3,0
3345,183,2,4,0
3346,1873,1,3,0
3347,1284,6,1,0
3348,656,2,3,0
3349,412,1,4,0
3350,1055,4,0,0
3351,1854,2,3,0
3352,770,3,1,0
3353,252,3,3,0
3354,204,4,3,0
3355,620,0,4,0
3356,1334,4,4,0
3357,1945,2,2,0
3358,233,2,5,0
3359,1874,2,2,0
3360,1236,2,4,0
3361,1339,1,7,0
3362,1993,3,5,0
3363,752,1,2,0
3364,390,3,3,0
3365,1929,5,3,0
3366,1198,4,1,0
3367,277,4,5,0
3368,1849,4,4,0
3369,1760,4,6,0
3370,1006,5,2,0
3371,1668,0,5,0
3372,432,24,5,1
3373,303,2,5,0
3374,1493,2,3,0
3375,1538,4,5,0
3376,943,0,8,0
3377,1239,6,5,0
3378,981,2,4,0
3379,1206,2,2,0
3380,1918,3,2,0
3381,287,5,3,0
3382,315,0,4,0
3383,1375,40,4,1
3384,1983,3,3,0
3385,1838,2,2,0
3386,689,1,3,0
3387,79,3,2,0
3388,307,3,3,0
3389,1243,2,1,0
3390,800,2,1,0
3391,789,3,3,0
3392,528,1,3,0
3393,1411,1,5,0
3394,361,5,0,0
3395,1385,6,2,0
3396,453,1,3,0
3397,463,1,6,0
3398,74,1,2,0
3399,420,2,4,0
3400,1280,1,5,0
3401,1836,3,5,0
3402,827,2,1,0
3403,752,3,2,0
3404,173,2,4,0
3405,538,2,2,0
3406,569,1,6,0
3407,158,2,2,0
3408,123,2,1,0
3409,1400,4,4,0
3410,209,2,1,0
3411,139,3,2,0
3412,1975,1,4,0
3413,1943,5,3,0
3414,345,3,2,0
3415,698,2,2,0
3416,1128,3,2,0
3417,912,3,4,0
3418,384,2,2,0
3419,275,1,2,0
3420,451,3,1,0
3421,1356,3,5,0
3422,50,3,4,0
3423,1019,3,2,0
3424,1767,2,2,0
3425,1643,2,3,0
3426,916,5,3,0
3427,239,3,2,0
3428,614,4,3,0
3429,1063,3,4,0
3430,1829,4,1,0
3431,1454,4,4,0
3432,963,40,3,1
3433,1068,3,2,0
3434,1028,1,4,0
3435,1947,2,3,0
3436,1850,2,4,0
3437,734,3,5,0
3438,1155,2,3,0
3439,93,0,4,0
3440,884,34,2,1
3441,1910,1,3,0
3442,43,6,4,0
3443,1360,3,1,0
3444,1783,2,1,0
3445,1818,1,6,0
3446,225,1,4,0
3447,971,0,3,0
3448,764,1,4,0
3449,200,2,5,0
3450,425,2,3,0
3451,1241,3,4,0
3452,178,2,2,0
3453,855,1,2,0
3454,1008,2,4,0
3455,1635,2,5,0
3456,1871,4,3,0
3457,608,3,1,0
3458,396,1,4,0
3459,1908,4,3,0
3460,1264,3,6,0
3461,1631,4,4,0
3462,1757,3,3,0
3463,322,1,2,0
3464,1578,2,2,0
3465,243,2,2,0
3466,1540,1,3,0
3467,1149,1,3,0
3468,224,3,1,0
3469,910,7,2,0
3470,532,3,1,0
3471,809,2,3,0
3472,62,2,3,0
3473,234,1,5,0
3474,217,3,4,0
3475,669,2,7,0
3476,265,3,2,0
3477,1144,3,3,0
3478,765,41,3,1
3479,1728,1,8,0
3480,1504,3,4,0
3481,1540,4,0,0
3482,977,1,8,0
3483,102,0,5,0
3484,900,1,2,0
3485,1091,1,5,0
3486,233,4,2,0
3487,1573,4,1,0
3488,1651,3,1,0
3489,1253,1,5,0
3490,282,2,4,0
3491,312,1,3,0
3492,731,1,3,0
3493,747,1,5,0
3494,1052,3,2,0
3495,914,2,3,0
3496,526,2,1,0
3497,1979,2,2,0
3498,975,2,3,0
3499,318,0,8,0
3500,826,0,7,0
3501,1992,3,2,0
3502,1052,4,1,0
3503,1631,6,2,0
3504,1944,0,5,0
3505,1251,3,5,0
3506,1239,2,2,0
3507,912,3,1,0
3508,788,5,4,0
3509,1676,6,3,0
3510,529,5,3,0
3511,1156,4,5,0
3512,631,0,4,0
3513,1552,4,3,0
3514,108,3,1,0
3515,1541,3,0,0
3516,1806,3,2,0
3517,1666,4,1,0
3518,1467,4,2,0
3519,999,2,2,0
3520,1291,1,3,0
3521,1912,0,4,0
3522,790,3,4,0
3523,1938,1,3,0
3524,203,2,5,0
3525,1328,2,4,0
3526,1994,1,2,0
3527,1592,3,0,0
3528,1689,5,1,0
3529,1773,3,5,0
3530,1377,3,1,0
3531,1984,0,4,0
3532,1840,3,2,0
3533,1311,3,1,0
3534,85,5,4,0
3535,100,1,2,0
3536,173,0,4,0
3537,1625,3,2,0
3538,1391,2,2,0
3539,481,2,2,0
3540,832,2,5,0
3541,1800,3,3,0
3542,505,1,3,0
3543,1660,1,5,0
3544,600,0,3,0
3545,614,2,2,0
3546,582,3,3,0
3547,1150,25,4,1
3548,850,0,4,0
3549,1857,4,3,0
3550,1463,3,2,0
3551,567,1,3,0
3552,267,4,1,0
3553,735,3,4,0
3554,139,4,3,0
3555,677,2,3,0
3556,491,3,2,0
3557,1168,2,6,0
3558,778,1,3,0
3559,1234,3,2,0
3560,783,1,2,0
3561,1183,1,3,0
3562,1032,2,1,0
3563,462,6,3,0
3564,1926,0,3,0
3565,1380,2,2,0
3566,1870,3,5,0
3567,325,4,5,0
3568,1751,3,5,0
3569,1711,4,4,0
3570,96,4,5,0
3571,1779,5,1,0
3572,999,4,3,0
3573,645,1,7,0
3574,1078,2,2,0
3575,1415,3,4,0
3576,1129,5,1,0
3577,1298,5,2,0
3578,405,7,5,0
3579,412,3,6,0
3580,201,3,1,0
3581,849,5,2,0
3582,1359,1,5,0
3583,171,2,3,0
3584,1588,2,3,0
3585,1601,2,3,0
3586,1722,4,4,0
3587,888,2,3,0
3588,1831,3,2,0
3589,1570,2,2,0
3590,355,3,3,0
3591,607,1,5,0
3592,146,5,3,0
3593,1198,1,6,0
3594,1768,1,5,0
3595,1120,2,2,0
3596,223,0,3,0
3597,554,2,2,0
3598,1140,3,4,0
3599,1863,3,3,0
3600,1950,1,4,0
3601,1695,33,3,1
3602,1656,2,3,0
3603,1236,1,3,0
3604,514,2,3,0
3605,495,2,5,0
3606,833,3,1,0
3607,1986,1,2,0
3608,205,2,5,0
3609,697,6,3,0
3610,983,2,4,0
3611,1921,6,2,0
3612,983,2,1,0
3613,1889,0,7,0
3614,1558,1,4,0
3615,1875,38,5,1
3616,1121,3,4,0
3617,420,3,4,0
3618,861,2,6,0
3619,1295,3,2,0
3620,1584,3,4,0
3621,632,2,5,0
3622,602,2,4,0
3623,996,2,3,0
3624,793,2,6,0
3625,1550,4,0,0
3626,716,33,3,1
3627,1395,40,2,1
3628,957,3,3,0
3629,896,4,2,0
3630,300,3,4,0
3631,1920,41,2,1
3632,1613,3,3,0
3633,99,3,1,0
3634,658,3,1,0
3635,1734,3,1,0
3636,1350,2,5,0
3637,146,0,4,0
3638,597,1,2,0
3639,1355,3,2,0
3640,602,3,1,0
3641,837,2,2,0
3642,1952,0,6,0
3643,1786,3,5,0
3644,526,1,4,0
3645,1166,2,4,0
3646,1790,4,1,0
3647,1612,2,1,0
3648,1363,3,5,0
3649,920,4,6,0
3650,634,3,2,0
3651,1909,3,5,0
3652,1239,2,3,0
3653,192,2,6,0
3654,1311,1,6,0
3655,580,1,2,0
3656,980,3,3,0
3657,997,3,3,0
3658,889,0,4,0
3659,1805,1,2,0
3660,1412,3,2,0
3661,1988,1,2,0
3662,1376,4,3,0
3663,854,2,1,0
3664,765,5,5,0
3665,1403,2,1,0
3666,1882,29,1,1
3667,1401,3,1,0
3668,1991,0,5,0
3669,508,2,4,0
3670,559,1,3,0
3671,1812,3,3,0
3672,485,5,2,0
3673,578,1,2,0
3674,269,1,3,0
3675,1570,0,5,0
3676,1141,2,1,0
3677,410,1,2,0
3678,582,2,2,0
3679,410,4,2,0
3680,935,1,3,0
3681,926,4,1,0
3682,940,3,2,0
3683,1139,3,5,0
3684,303,4,5,0
3685,1348,4,2,0
3686,637,3,6,0
3687,435,29,3,1
3688,1956,1,3,0
3689,456,6,0,0
3690,1966,1,5,0
3691,561,5,3,0
3692,1251,3,4,0
3693,1419,2,4,0
3694,1521,3,1,0
3695,276,27,2,1
3696,835,1,4,0
3697,1996,5,4,0
3698,1786,8,6,0
3699,69,3,2,0
3700,1646,2,5,0
3701,1373,3,4,0
3702,373,3,2,0
3703,631,3,4,0
3704,1289,2,3,0
3705,580,4,3,0
3706,1238,1,4,0
3707,681,1,6,0
3708,688,3,4,0
3709,953,3,1,0
3710,958,2,3,0
3711,968,4,5,0
3712,356,2,5,0
3713,849,4,4,0
3714,1686,3,4,0
3715,423,4,4,0
3716,1918,2,2,0
3717,1455,1,3,0
3718,221,3,5,0
3719,715,3,5,0
3720,862,1,4,0
3721,1064,3,5,0
3722,871,1,3,0
3723,707,3,1,0
3724,390,5,6,0
3725,1611,0,5,0
3726,1150,2,2,0
3727,560,5,2,0
3728,1891,2,4,0
3729,1250,2,5,0
3730,72,33,4,1
3731,1813,3,4,0
3732,1461,3,4,0
3733,941,1,3,0
3734,1343,3,3,0
3735,1569,3,1,0
3736,1809,1,5,0
3737,1448,2,1,0
3738,145,1,6,0
3739,1434,5,2,0
3740,1429,3,5,0
3741,1042,39,1,1
3742,1458,3,3,0
3743,1160,2,2,0
3744,791,2,6,0
3745,1035,1,2,0
3746,1492,2,4,0
3747,281,1,4,0
3748,1805,5,1,0
3749,1857,2,2,0
3750,1713,3,2,0
3751,1245,1,3,0
3752,1966,1,3,0
3753,1884,2,5,0
3754,724,0,5,0
3755,1397,3,3,0
3756,1846,3,2,0
3757,116,2,3,0
3758,394,4,1,0
3759,2000,1,3,0
3760,1603,2,4,0
3761,1579,3,4,0
3762,1033,3,5,0
3763,1187,1,3,0
3764,1330,0,6,0
3765,991,3,5,0
3766,1067,3,3,0
3767,1787,3,3,0
3768,1291,2,3,0
3769,60,1,4,0
3770,1778,3,2,0
3771,826,2,3,0
3772,283,2,3,0
3773,567,3,2,0
3774,1281,1,4,0
3775,1280,2,1,0
3776,1853,3,1,0
3777,1754,1,2,0
3778,488,1,3,0
3779,961,2,2,0
3780,1832,4,3,0
3781,1254,1,4,0
3782,666,0,4,0
3783,1574,3,1,0
3784,1952,6,2,0
3785,577,3,2,0
3786,1059,2,1,0
3787,1594,2,3,0
3788,1715,3,3,0
3789,669,2,2,0
3790,1712,6,1,0
3791,1996,3,4,0
3792,1383,1,4,0
3793,1232,1,3,0
3794,1743,2,2,0
3795,1967,4,0,0
3796,987,1,3,0
3797,965,3,1,0
3798,1676,2,3,0
3799,1663,2,6,0
3800,382,0,4,0
3801,1051,2,4,0
3802,550,5,0,0
3803,1356,3,1,0
3804,771,1,5,0
3805,1459,4,0,0
3806,1173,4,5,0
3807,908,3,9,0
3808,1087,2,1,0
3809,1989,6,2,0
3810,1957,2,2,0
3811,1095,5,5,0
3812,462,1,5,0
3813,1685,4,2,0
3814,858,1,4,0
3815,574,3,4,0
3816,1991,4,0,0
3817,730,1,2,0
3818,1589,7,1,0
3819,1158,1,4,0
3820,1025,1,3,0
3821,81,2,3,0
3822,771,30,1,1
3823,1033,7,1,0
3824,958,4,0,0
3825,236,2,4,0
3826,647,7,5,0
3827,1618,1,3,0
3828,1827,3,4,0
3829,1207,1,5,0
3830,1945,1,2,0
3831,346,2,3,0
3832,381,2,4,0
3833,640,1,5,0
3834,1727,2,3,0
3835,967,2,3,0
3836,1012,2,3,0
3837,1929,5,1,0
3838,1076,1,2,0
3839,1367,3,2,0
3840,1575,0,7,0
3841,225,2,4,0
3842,857,4,4,0
3843,1682,4,3,0
3844,646,2,2,0
3845,1691,3,3,0
3846,127,3,4,0
3847,503,2,3,0
3848,1421,1,3,0
3849,595,2,2,0
3850,751,1,3,0
3851,607,3,6,0
3852,964,2,3,0
3853,858,2,4,0
3854,586,3,3,0
3855,1326,2,3,0
3856,1932,2,5,0
3857,97,5,1,0
3858,1139,1,4,0
3859,466,3,3,0
3860,894,2,3,0
3861,531,3,3,0
3862,1535,4,1,0
3863,371,1,3,0
3864,559,1,4,0
3865,769,2,2,0
3866,60,6,2,0
3867,962,0,4,0
3868,913,5,3,0
3869,924,2,3,0
3870,760,2,1,0
3871,1304,2,2,0
3872,628,2,4,0
3873,98,2,2,0
3874,1052,2,3,0
3875,1632,1,4,0
3876,716,3,4,0
3877,1764,2,1,0
3878,1455,1,3,0
3879,1332,2,2,0
3880,244,4,3,0
3881,1360,2,1,0
3882,680,1,2,0
3883,1527,4,3,0
3884,947,1,2,0
3885,1551,0,3,0
3886,361,1,4,0
3887,1512,3,5,0
3888,1845,0,5,0
3889,294,2,4,0
3890,1035,2,1,0
3891,565,2,5,0
3892,32,3,3,0
3893,1454,2,1,0
3894,1906,3,2,0
3895,815,2,5,0
3896,1405,2,1,0
3897,727,0,5,0
3898,987,3,3,0
3899,1436,1,3,0
3900,59,2,1,0
3901,653,2,3,0
3902,157,0,3,0
3903,1883,1,3,0
3904,854,1,7,0
3905,985,1,4,0
3906,1806,2,2,0
3907,342,1,3,0
3908,1822,3,1,0
3909,1114,1,3,0
3910,1845,4,1,0
3911,1835,1,3,0
3912,1342,2,2,0
3913,283,1,2,0
3914,454,3,4,0
3915,305,1,3,0
3916,838,3,2,0
3917,608,5,1,0
3918,792,4,3,0
3919,733,2,3,0
3920,1520,4,6,0
3921,518,2,4,0
3922,1814,2,1,0
3923,1516,2,2,0
3924,1441,2,1,0
3925,1325,1,6,0
3926,710,5,3,0
3927,772,1,3,0
3928,1558,2,1,0
3929,1952,1,3,0
3930,1231,3,3,0
3931,1422,2,1,0
3932,1086,4,0,0
3933,533,2,4,0
3934,1735,2,3,0
3935,1730,2,2,0
3936,578,5,1,0
3937,880,2,3,0
3938,808,6,4,0
3939,1993,1,3,0
3940,828,3,2,0
3941,1811,2,2,0
3942,946,3,2,0
3943,1872,3,1,0
3944,1630,0,3,0
3945,1438,2,3,0
3946,1707,5,0,0
3947,720,1,6,0
3948,1276,2,3,0
3949,1371,5,5,0
3950,714,2,4,0
3951,240,4,5,0
3952,1360,3,3,0
3953,1143,22,2,1
3954,628,1,4,0
3955,389,0,4,0
3956,1179,1,3,0
3957,247,3,5,0
3958,700,2,4,0
3959,1933,1,2,0
3960,1773,3,0,0
3961,1879,4,3,0
3962,1341,1,4,0
3963,567,0,4,0
3964,304,3,4,0
3965,1500,2,3,0
3966,1633,2,2,0
3967,580,3,1,0
3968,1027,0,3,0
3969,1166,6,3,0
3970,775,1,5,0
3971,412,4,3,0
3972,774,2,1,0
3973,484,1,3,0
3974,1169,2,1,0
3975,1918,2,3,0
3976,722,3,2,0
3977,222,3,1,0
3978,1926,2,3,0
3979,504,3,5,0
3980,986,4,1,0
3981,856,2,4,0
3982,1767,3,5,0
3983,1462,1,2,0
3984,609,3,0,0
3985,1146,3,2,0
3986,387,1,4,0
3987,941,3,1,0
3988,1906,2,1,0
3989,1834,2,2,0
3990,764,2,3,0
3991,597,3,5,0
3992,592,0,3,0
3993,1531,2,4,0
3994,1444,3,1,0
3995,1048,3,0,0
3996,1114,2,3,0
3997,238,4,1,0
3998,906,5,2,0
3999,1698,0,3,0
4000,1017,4,4,0
4001,1841,2,4,0
4002,1427,2,3,0
4003,1795,2,2,0
4004,445,1,2,0
4005,187,2,3,0
4006,1512,1,8,0
4007,1983,4,3,0
4008,998,4,5,0
4009,1017,3,3,0
4010,418,3,4,0
4011,849,1,2,0
4012,1750,4,4,0
4013,1403,4,2,0
4014,402,1,5,0
4015,1867,0,4,0
4016,1703,40,2,1
4017,245,0,5,0
4018,1516,1,5,0
4019,306,4,2,0
4020,746,1,2,0
4021,1665,4,5,0
4022,685,3,2,0
4023,316,2,6,0
4024,276,1,3,0
4025,1511,2,7,0
4026,790,3,1,0
4027,589,3,2,0
4028,1326,3,3,0
4029,327,2,4,0
4030,1261,3,2,0
4031,938,3,3,0
4032,1084,2,2,0
4033,1363,2,3,0
4034,1509,2,1,0
4035,30,1,3,0
4036,674,1,3,0
4037,1218,2,6,0
4038,574,2,1,0
4039,1929,2,6,0
4040,360,2,3,0
4041,1595,2,1,0
4042,647,4,4,0
4043,900,2,3,0
4044,267,4,3,0
4045,1964,3,0,0
4046,240,5,8,0
4047,1737,0,3,0
4048,240,1,5,0
4049,422,2,3,0
4050,887,3,3,0
4051,1763,1,4,0
4052,1962,2,1,0
4053,654,1,5,0
4054,476,3,6,0
4055,1309,4,4,0
4056,792,1,3,0
4057,679,2,4,0
4058,940,3,5,0
4059,682,5,2,0
4060,1120,2,3,0
4061,153,3,3,0
4062,1406,3,3,0
4063,310,4,1,0
4064,504,4,2,0
4065,451,4,2,0
4066,1548,1,3,0
4067,1530,1,4,0
4068,855,3,1,0
4069,218,3,1,0
4070,1740,2,2,0
4071,1356,6,6,0
4072,1418,2,6,0
4073,223,2,5,0
4074,1691,1,4,0
4075,1388,2,3,0
4076,755,3,1,0
4077,176,25,0,1
4078,1305,2,9,0
4079,475,3,2,0
4080,1121,1,4,0
4081,538,1,4,0
4082,390,3,3,0
4083,1004,3,2,0
4084,369,2,3,0
4085,1345,2,4,0
4086,486,3,1,0
4087,353,2,2,0
4088,1524,3,2,0
4089,1380,2,2,0
4090,671,5,4,0
4091,175,2,3,0
4092,1447,2,1,0
4093,1020,2,4,0
4094,722,1,3,0
4095,666,2,3,0
4096,388,6,0,0
4097,476,3,1,0
4098,147,8,7,0
4099,367,2,3,0
4100,1758,2,5,0
4101,425,2,1,0
4102,734,3,4,0
4103,1724,4,3,0
4104,1382,4,0,0
4105,1915,2,2,0
4106,197,4,4,0
4107,463,2,3,0
4108,939,1,2,0
4109,951,4,1,0
4110,1954,2,3,0
4111,1302,1,2,0
4112,1057,3,3,0
4113,1123,3,3,0
4114,1932,3,1,0
4115,1518,1,5,0
4116,132,1,5,0
4117,1700,2,7,0
4118,463,1,4,0
4119,675,3,5,0
4120,454,1,5,0
4121,1912,1,4,0
4122,1208,2,3,0
4123,1274,1,4,0
4124,1648,0,4,0
4125,1198,2,2,0
4126,1448,3,6,0
4127,677,2,1,0
4128,1130,2,3,0
4129,318,3,2,0
4130,1507,4,7,0
4131,423,1,2,0
4132,1054,7,1,0
4133,1070,40,1,1
4134,1629,1,3,0
4135,1890,3,1,0
4136,139,2,2,0
4137,1057,1,3,0
4138,286,2,3,0
4139,1610,2,6,0
4140,323,5,3,0
4141,1898,2,3,0
4142,257,4,0,0
4143,1622,2,2,0
4144,46,3,1,0
4145,1472,3,1,0
4146,350,0,6,0
4147,1740,4,2,0
4148,1361,1,3,0
4149,1547,0,4,0
4150,549,1,2,0
4151,1732,4,4,0
4152,1179,2,3,0
4153,1418,3,6,0
4154,1030,1,3,0
4155,1099,2,2,0
4156,1139,3,3,0
4157,465,3,3,0
4158,1468,3,4,0
4159,1023,2,1,0
4160,1302,3,7,0
4161,1710,1,2,0
4162,483,1,4,0
4163,581,1,6,0
4164,465,1,4,0
4165,1360,1,4,0
4166,1173,3,4,0
4167,1182,4,5,0
4168,1107,1,2,0
4169,1755,36,7,1
4170,680,3,3,0
4171,251,0,4,0
4172,1533,2,2,0
4173,1130,0,5,0
4174,660,3,0,0
4175,1981,1,4,0
4176,1815,5,3,0
4177,1907,3,3,0
4178,1363,3,2,0
4179,1118,4,2,0
4180,1034,2,4,0
4181,83,3,5,0
4182,945,0,3,0
4183,926,2,3,0
4184,1642,3,4,0
4185,1448,4,2,0
4186,557,1,3,0
4187,1305,2,3,0
4188,910,40,4,1
4189,1184,17,3,1
4190,1307,5,1,0
4191,824,2,3,0
4192,1307,2,1,0
4193,1316,2,4,0
4194,1854,3,4,0
4195,679,0,3,0
4196,1634,0,4,0
4197,1646,1,3,0
4198,1171,0,5,0
4199,985,2,2,0
4200,1265,1,2,0
4201,1509,28,2,1
4202,523,4,2,0
4203,1703,2,2,0
4204,1098,3,1,0
4205,1155,1,3,0
4206,1296,3,2,0
4207,1853,0,4,0
4208,1997,2,5,0
4209,626,1,3,0
4210,1957,2,3,0
4211,589,1,4,0
4212,456,2,1,0
4213,401,2,1,0
4214,1701,1,3,0
4215,237,1,5,0
4216,1106,2,2,0
4217,1041,5,2,0
4218,1668,36,4,1
4219,1025,2,3,0
4220,723,3,0,0
4221,1195,2,2,0
4222,736,0,6,0
4223,391,0,3,0
4224,1871,5,0,0
4225,1728,1,4,0
4226,1669,4,2,0
4227,262,3,2,0
4228,626,1,6,0
4229,1086,5,0,0
4230,371,2,1,0
4231,1302,1,2,0
4232,334,4,1,0
4233,708,3,0,0
4234,675,4,3,0
4235,166,1,5,0
4236,836,2,4,0
4237,1300,2,6,0
4238,1769,2,6,0
4239,742,5,3,0
4240,533,0,4,0
4241,337,4,2,0
4242,869,2,3,0
4243,690,2,5,0
4244,1164,2,3,0
4245,1703,3,6,0
4246,1381,23,1,1
4247,455,2,2,0
4248,695,3,1,0
4249,1676,3,3,0
4250,973,2,2,0
4251,823,4,0,0
4252,47,6,1,0
4253,525,1,3,0
4254,1167,2,2,0
4255,1171,3,1,0
4256,1862,3,2,0
4257,1739,2,2,0
4258,1992,2,4,0
4259,929,1,4,0
4260,1661,3,2,0
4261,812,2,4,0
4262,1263,43,1,1
4263,1012,4,2,0
4264,397,3,2,0
4265,442,3,0,0
4266,1425,2,2,0
4267,481,2,5,0
4268,789,3,0,0
4269,186,3,1,0
4270,462,5,1,0
4271,1594,1,6,0
4272,564,7,3,0
4273,1062,3,2,0
4274,70,3,2,0
4275,119,3,6,0
4276,1988,0,4,0
4277,1492,3,3,0
4278,192,2,1,0
4279,1119,2,2,0
4280,123,2,3,0
4281,1765,3,3,0
4282,704,1,3,0
4283,240,4,1,0
4284,262,2,4,0
4285,1675,3,4,0
4286,182,0,3,0
4287,1280,1,2,0
4288,428,0,6,0
4289,1504,1,4,0
4290,1085,2,3,0
4291,44,4,5,0
4292,246,2,2,0
4293,1859,3,3,0
4294,707,1,3,0
4295,178,4,2,0
4296,1534,2,2,0
4297,411,2,2,0
4298,677,2,3,0
4299,1145,8,1,0
4300,411,4,2,0
4301,136,3,2,0
4302,1734,2,2,0
4303,591,3,2,0
4304,1677,3,1,0
4305,670,3,0,0
4306,1563,3,1,0
4307,139,2,2,0
4308,552,2,5,0
4309,414,3,5,0
4310,1041,3,5,0
4311,1475,4,1,0
4312,302,3,2,0
4313,1886,1,3,0
4314,1688,0,4,0
4315,921,1,2,0
4316,1875,2,4,0
4317,1003,1,4,0
4318,1464,3,3,0
4319,79,1,7,0
4320,938,1,2,0
4321,592,2,1,0
4322,813,2,4,0
4323,1391,3,2,0
4324,145,1,3,0
4325,361,3,0,0
4326,1074,2,2,0
4327,971,2,1,0
4328,577,3,2,0
4329,838,2,1,0
4330,1321,3,3,0
4331,238,4,2,0
4332,471,28,3,1
4333,586,3,2,0
4334,1068,2,2,0
4335,1796,2,4,0
4336,1018,2,3,0
4337,1085,2,2,0
4338,1324,1,3,0
4339,235,3,0,0
4340,1803,4,1,0
4341,1333,3,0,0
4342,452,1,5,0
4343,1630,0,4,0
4344,478,5,1,0
4345,1131,2,2,0
4346,545,2,3,0
4347,1952,2,5,0
4348,624,1,4,0
4349,1818,3,1,0
4350,1900,2,1,0
4351,1223,5,4,0
4352,552,3,0,0
4353,1585,2,2,0
4354,152,3,2,0
4355,686,0,6,0
4356,1233,3,1,0
4357,861,3,3,0
4358,771,0,3,0
4359,213,1,4,0
4360,775,1,3,0
4361,1354,2,1,0
4362,1489,0,4,0
4363,782,2,3,0
4364,710,3,4,0
4365,1818,1,3,0
4366,521,2,3,0
4367,223,3,1,0
4368,92,3,1,0
4369,1879,4,7,0
4370,255,3,5,0
4371,94,2,3,0
4372,1519,2,6,0
4373,351,1,3,0
4374,347,2,3,0
4375,710,2,2,0
4376,580,2,2,0
4377,1623,3,1,0
4378,439,4,2,0
4379,360,4,1,0
4380,1902,3,3,0
4381,1098,3,7,0
4382,1493,3,1,0
4383,581,1,3,0
4384,1452,3,2,0
4385,1882,4,3,0
4386,1357,4,2,0
4387,699,4,5,0
4388,960,2,2,0
4389,724,3,2,0
4390,1926,1,3,0
4391,1674,2,4,0
4392,506,3,1,0
4393,504,1,4,0
4394,1227,3,5,0
4395,365,3,2,0
4396,1769,1,2,0
4397,1979,2,2,0
4398,1381,5,2,0
4399,1380,3,1,0
4400,646,3,1,0
4401,424,1,3,0
4402,498,2,5,0
4403,1089,1,2,0
4404,1815,3,3,0
4405,685,1,5,0
4406,441,0,5,0
4407,1506,1,7,0
4408,832,1,2,0
4409,70,1,3,0
4410,612,5,4,0
4411,678,5,6,0
4412,215,2,8,0
4413,1883,2,3,0
4414,1219,1,4,0
4415,625,3,2,0
4416,1335,4,1,0
4417,1076,1,2,0
4418,1103,2,5,0
4419,1615,1,2,0
4420,890,2,2,0
4421,338,2,3,0
4422,494,1,3,0
4423,425,4,0,0
4424,1270,1,5,0
4425,165,2,4,0
4426,38,3,4,0
4427,400,2,3,0
4428,460,3,2,0
4429,317,1,3,0
4430,1077,2,1,0
4431,788,2,3,0
4432,1347,3,4,0
4433,926,4,4,0
4434,1703,4,1,0
4435,1844,3,2,0
4436,1753,1,5,0
4437,705,0,4,0
4438,641,5,2,0
4439,283,3,1,0
4440,941,3,2,0
4441,1885,4,1,0
4442,532,2,2,0
4443,478,3,5,0
4444,832,1,5,0
4445,129,4,4,0
4446,1720,1,3,0
4447,841,6,6,0
4448,1182,2,3,0
4449,1749,2,3,0
4450,1252,3,3,0
4451,31,1,4,0
4452,84,2,4,0
4453,1668,25,2,1
4454,689,3,7,0
4455,1241,3,5,0
4456,1598,2,4,0
4457,965,4,2,0
4458,1875,1,2,0
4459,1590,2,1,0
4460,873,1,2,0
4461,1953,1,6,0
4462,1482,32,1,1
4463,1375,4,2,0
4464,374,2,2,0
4465,623,1,4,0
4466,597,2,2,0
4467,1495,2,2,0
4468,335,0,3,0
4469,1736,2,1,0
4470,1040,1,5,0
4471,1768,1,5,0
4472,1909,4,2,0
4473,1281,0,4,0
4474,1192,3,1,0
4475,1736,1,2,0
4476,722,4,4,0
4477,242,2,2,0
4478,33,1,3,0
4479,876,4,2,0
4480,727,2,1,0
4481,1698,1,4,0
4482,1933,3,3,0
4483,1969,4,2,0
4484,820,3,2,0
4485,889,3,2,0
4486,807,2,3,0
4487,1686,1,3,0
4488,773,3,2,0
4489,1160,4,2,0
4490,1724,1,5,0
4491,467,2,4,0
4492,1442,3,0,0
4493,1724,3,4,0
4494,235,18,1,1
4495,844,2,2,0
4496,1597,2,1,0
4497,533,3,2,0
4498,1142,1,4,0
4499,442,1,3,0
4500,869,2,4,0
4501,1702,1,5,0
4502,1013,0,3,0
4503,1741,2,2,0
4504,1876,4,2,0
4505,407,1,3,0
4506,1302,3,2,0
4507,1860,1,6,0
4508,1394,1,4,0
4509,284,3,1,0
4510,912,1,2,0
4511,448,3,4,0
4512,377,2,2,0
4513,1045,3,2,0
4514,991,1,3,0
4515,1431,2,2,0
4516,768,2,3,0
4517,331,2,3,0
4518,1490,4,0,0
4519,62,3,4,0
4520,1322,2,2,0
4521,466,2,3,0
4522,1418,3,3,0
4523,1956,0,6,0
4524,38,1,3,0
4525,1480,3,6,0
4526,420,2,3,0
4527,1228,2,4,0
4528,424,2,1,0
4529,180,3,2,0
4530,1022,3,3,0
4531,1147,3,5,0
4532,1966,2,4,0
4533,1685,1,5,0
4534,1094,3,2,0
4535,1274,1,3,0
4536,1403,4,1,0
4537,1376,1,5,0
4538,1271,2,2,0
4539,94,3,2,0
4540,367,1,4,0
4541,868,4,3,0
4542,60,0,4,0
4543,1669,4,3,0
4544,207,3,2,0
4545,1645,3,2,0
4546,364,4,3,0
4547,1066,3,2,0
4548,1631,3,0,0
4549,993,1,3,0
4550,1678,3,3,0
4551,1073,1,2,0
4552,1568,0,3,0
4553,765,1,5,0
4554,1692,2,2,0
4555,1593,1,4,0
4556,1320,3,5,0
4557,922,3,1,0
4558,411,1,2,0
4559,68,2,3,0
4560,1864,2,1,0
4561,203,0,4,0
4562,1689,41,2,1
4563,1076,1,7,0
4564,925,3,2,0
4565,729,4,2,0
4566,1676,1,2,0
4567,1692,3,2,0
4568,1874,1,6,0
4569,716,3,1,0
4570,451,2,1,0
4571,120,3,1,0
4572,46,4,4,0
4573,1275,2,1,0
4574,445,1,3,0
4575,383,1,4,0
4576,1246,2,3,0
4577,670,2,3,0
4578,148,1,5,0
4579,1081,3,4,0
4580,630,2,1,0
4581,1686,3,1,0
4582,1240,3,5,0
4583,409,0,5,0
4584,927,2,3,0
4585,643,2,1,0
4586,602,18,3,1
4587,104,2,3,0
4588,223,3,1,0
4589,1633,1,5,0
4590,1881,3,4,0
4591,1061,1,3,0
4592,454,2,4,0
4593,105,1,2,0
4594,611,2,1,0
4595,1000,4,1,0
4596,170,3,0,0
4597,107,5,1,0
4598,648,1,4,0
4599,1300,3,1,0
4600,1517,1,3,0
4601,1499,23,3,1
4602,1424,2,5,0
4603,265,2,2,0
4604,1940,4,2,0
4605,1786,1,3,0
4606,478,1,2,0
4607,947,2,4,0
4608,1181,2,3,0
4609,1605,2,2,0
4610,1408,3,2,0
4611,1172,3,3,0
4612,687,4,5,0
4613,930,5,1,0
4614,1689,1,5,0
4615,1738,1,4,0
4616,1897,2,2,0
4617,478,1,5,0
4618,490,0,4,0
4619,209,0,4,0
4620,1204,1,4,0
4621,1012,2,5,0
4622,631,3,2,0
4623,60,2,4,0
4624,639,3,0,0
4625,1140,3,1,0
4626,817,1,4,0
4627,866,1,3,0
4628,1498,2,6,0
4629,814,3,2,0
4630,1017,3,2,0
4631,537,5,0,0
4632,799,5,3,0
4633,1556,3,0,0
4634,439,1,2,0
4635,1604,3,4,0
4636,1130,0,4,0
4637,93,3,0,0
4638,443,3,0,0
4639,755,2,5,0
4640,1023,2,3,0
4641,335,1,6,0
4642,719,1,2,0
4643,1661,3,4,0
4644,412,2,2,0
4645,720,1,3,0
4646,286,2,4,0
4647,1366,1,5,0
4648,903,3,2,0
4649,172,2,3,0
4650,911,2,4,0
4651,1023,2,5,0
4652,556,1,3,0
4653,1721,2,3,0
4654,473,2,3,0
4655,1755,3,2,0
4656,539,2,1,0
4657,1534,37,2,1
4658,1728,1,3,0
4659,1983,5,1,0
4660,1909,4,2,0
4661,1925,3,6,0
4662,969,5,6,0
4663,1618,1,6,0
4664,726,2,2,0
4665,1260,3,2,0
4666,963,2,1,0
4667,711,39,1,1
4668,906,4,5,0
4669,1607,1,2,0
4670,975,3,3,0
4671,1857,2,2,0
4672,1741,1,2,0
4673,142,1,2,0
4674,1963,6,1,0
4675,942,2,2,0
4676,846,2,2,0
4677,1476,1,2,0
4678,1017,0,5,0
4679,1246,4,1,0
4680,560,3,1,0
4681,1307,3,1,0
4682,926,1,2,0
4683,1400,2,3,0
4684,537,2,2,0
4685,420,1,2,0
4686,1567,3,1,0
4687,392,3,4,0
4688,473,2,2,0
4689,1279,3,1,0
4690,1424,0,4,0
4691,546,3,2,0
4692,984,1,3,0
4693,1065,2,2,0
4694,865,2,4,0
4695,630,1,3,0
4696,1552,2,4,0
4697,579,2,2,0
4698,267,1,4,0
4699,430,4,4,0
4700,1767,3,5,0
4701,1274,1,5,0
4702,591,1,4,0
4703,96,2,4,0
4704,1149,2,3,0
4705,1834,0,3,0
4706,356,1,3,0
4707,1105,2,2,0
4708,949,2,3,0
4709,1082,3,3,0
4710,1301,2,3,0
4711,1406,2,2,0
4712,1731,2,3,0
4713,1210,2,2,0
4714,1121,1,3,0
4715,372,5,2,0
4716,137,3,1,0
4717,1117,2,1,0
4718,1861,5,1,0
4719,801,3,1,0
4720,963,2,2,0
4721,276,3,5,0
4722,62,1,2,0
4723,1232,2,3,0
4724,1283,1,4,0
4725,173,4,2,0
4726,1344,3,3,0
4727,1224,2,3,0
4728,214,2,1,0
4729,1853,2,4,0
4730,91,4,3,0
4731,1056,4,4,0
4732,520,1,2,0
4733,53,2,1,0
4734,151,2,2,0
4735,1841,2,3,0
4736,1153,3,4,0
4737,762,2,1,0
4738,363,0,3,0
4739,1728,3,0,0
4740,876,1,4,0
4741,1517,2,3,0
4742,1381,3,1,0
4743,1547,1,3,0
4744,1461,1,3,0
4745,1087,2,2,0
4746,1954,2,1,0
4747,1507,3,2,0
4748,417,1,2,0
4749,1799,3,4,0
4750,1077,3,3,0
4751,513,3,3,0
4752,465,2,5,0
4753,528,4,2,0
4754,982,2,2,0
4755,1508,5,4,0
4756,471,2,3,0
4757,160,1,2,0
4758,986,3,3,0
4759,824,2,3,0
4760,1545,3,1,0
4761,1448,1,3,0
4762,1902,1,2,0
4763,311,1,2,0
4764,163,2,3,0
4765,924,2,5,0
4766,1364,5,4,0
4767,70,1,3,0
4768,1667,1,5,0
4769,1334,0,4,0
4770,1325,2,1,0
4771,1262,3,2,0
4772,1584,3,1,0
4773,1044,2,1,0
4774,933,1,2,0
4775,582,0,4,0
4776,224,3,1,0
4777,953,2,1,0
4778,1985,2,2,0
4779,773,5,3,0
4780,1920,2,1,0
4781,1143,2,2,0
4782,555,1,3,0
4783,894,1,3,0
4784,1515,3,2,0
4785,793,4,1,0
4786,693,3,0,0
4787,429,4,2,0
4788,152,3,3,0
4789,898,2,4,0
4790,1782,0,5,0
4791,465,3,0,0
4792,1141,2,2,0
4793,963,2,2,0
4794,1674,0,6,0
4795,924,3,3,0
4796,377,2,3,0
4797,1745,35,2,1
4798,1525,2,1,0
4799,959,2,2,0
4800,921,2,3,0
4801,1976,3,2,0
4802,844,1,2,0
4803,1820,1,5,0
4804,832,2,3,0
4805,1183,1,3,0
4806,267,3,4,0
4807,700,1,3,0
4808,187,3,2,0
4809,1750,2,6,0
4810,289,2,4,0
4811,768,2,3,0
4812,1393,1,5,0
4813,1567,2,3,0
4814,1823,2,4,0
4815,1245,3,0,0
4816,592,5,3,0
4817,1432,0,4,0
4818,1495,2,1,0
4819,1458,0,6,0
4820,1884,3,4,0
4821,1464,0,5,0
4822,1515,3,2,0
4823,1939,3,1,0
4824,715,3,3,0
4825,1305,1,3,0
4826,1767,6,2,0
4827,1111,1,3,0
4828,361,2,3,0
4829,1376,3,2,0
4830,1602,3,2,0
4831,1793,3,0,0
4832,1095,1,4,0
4833,926,1,2,0
4834,1450,5,5,0
4835,1963,2,1,0
4836,1813,4,5,0
4837,1127,3,2,0
4838,1473,1,3,0
4839,352,4,3,0
4840,761,3,3,0
4841,1698,2,2,0
4842,1398,2,3,0
4843,384,2,3,0
4844,708,4,2,0
4845,1349,4,2,0
4846,122,2,2,0
4847,737,1,4,0
4848,1990,4,1,0
4849,1476,2,1,0
4850,492,3,0,0
4851,1908,3,2,0
4852,821,1,2,0
4853,1554,0,4,0
4854,1986,2,2,0
4855,471,2,2,0
4856,1686,3,0,0
4857,1948,2,3,0
4858,1881,1,2,0
4859,223,2,2,0
4860,1698,1,3,0
4861,733,2,2,0
4862,1151,6,3,0
4863,1398,1,2,0
4864,1086,3,1,0
4865,1453,0,4,0
4866,1436,2,3,0
4867,896,1,2,0
4868,492,2,1,0
4869,980,3,3,0
4870,463,3,4,0
4871,1392,0,4,0
4872,873,2,3,0
4873,836,4,3,0
4874,427,2,3,0
4875,1356,3,2,0
4876,129,0,5,0
4877,942,3,1,0
4878,920,2,2,0
4879,784,4,1,0
4880,1246,1,3,0
4881,1811,5,1,0
4882,1744,1,3,0
4883,1883,0,4,0
4884,1634,2,2,0
4885,342,4,1,0
4886,1000,1,4,0
4887,544,3,3,0
4888,479,1,3,0
4889,1703,2,2,0
4890,618,2,3,0
4891,477,2,2,0
4892,234,3,0,0
4893,715,1,3,0
4894,1398,0,3,0
4895,1700,3,4,0
4896,227,2,1,0
4897,1469,4,1,0
4898,1507,2,4,0
4899,965,2,1,0
4900,166,2,3,0
4901,1554,2,2,0
4902,1064,0,9,0
4903,1992,2,2,0
4904,1483,3,1,0
4905,767,0,6,0
4906,51,2,4,0
4907,1380,4,3,0
4908,1359,32,3,1
4909,482,1,3,0
4910,1400,3,1,0
4911,816,2,2,0
4912,945,5,2,0
4913,1549,2,5,0
4914,1115,3,2,0
4915,514,3,3,0
4916,1530,4,3,0
4917,378,3,3,0
4918,1287,1,2,0
4919,1828,3,2,0
4920,683,2,3,0
4921,434,2,3,0
4922,307,1,3,0
4923,419,3,4,0
4924,241,2,4,0
4925,1872,1,3,0
4926,1108,6,3,0
4927,35,2,5,0
4928,155,3,2,0
4929,772,1,3,0
4930,1920,3,1,0
4931,121,2,1,0
4932,1501,3,1,0
4933,1947,2,1,0
4934,905,0,7,0
4935,1306,1,3,0
4936,298,1,3,0
4937,916,2,3,0
4938,1693,1,5,0
4939,406,2,2,0
4940,79,1,3,0
4941,1352,2,4,0
4942,185,2,2,0
4943,1925,4,4,0
4944,1311,1,2,0
4945,228,2,6,0
4946,1833,2,4,0
4947,105,2,3,0
4948,253,2,3,0
4949,516,2,4,0
4950,1832,6,3,0
4951,824,33,2,1
4952,939,2,4,0
4953,1269,1,2,0
4954,1085,3,3,0
4955,429,1,3,0
4956,1007,3,4,0
4957,1584,2,5,0
4958,993,5,3,0
4959,1270,3,0,0
4960,750,2,2,0
4961,1865,1,2,0
4962,317,1,2,0
4963,122,0,3,0
4964,296,4,1,0
4965,992,2,4,0
4966,351,4,4,0
4967,1561,3,3,0
4968,1023,2,4,0
4969,355,1,3,0
4970,1164,3,1,0
4971,1814,2,4,0
4972,1779,2,4,0
4973,1926,1,3,0
4974,1335,1,2,0
4975,244,2,1,0
4976,1108,2,2,0
4977,1778,2,2,0
4978,1581,1,2,0
4979,1188,3,1,0
4980,1431,0,5,0
4981,1280,1,2,0
4982,1785,2,2,0
4983,571,3,0,0
4984,1306,3,5,0
4985,1887,1,7,0
4986,1778,3,4,0
4987,1081,3,1,0
4988,1742,2,2,0
4989,626,1,3,0
4990,937,3,5,0
4991,1801,2,5,0
4992,723,0,3,0
4993,1372,4,3,0
4994,576,1,2,0
4995,353,1,2,0
4996,351,3,1,0
4997,424,5,0,0
4998,384,4,0,0
4999,285,0,4,0
5000,545,4,2,0
5001,1438,2,4,0
5002,1335,2,4,0
5003,1066,0,6,0
5004,739,2,3,0
5005,772,1,3,0
5006,929,3,2,0
5007,1852,4,2,0
5008,1341,2,3,0
5009,525,0,4,0
5010,637,4,3,0
5011,879,1,3,0
5012,101,2,1,0
5013,84,3,1,0
5014,1599,2,5,0
5015,1796,2,1,0
5016,1905,1,5,0
5017,1162,35,2,1
5018,1125,1,5,0
5019,1512,1,3,0
5020,1890,1,6,0
5021,192,3,3,0
5022,450,1,4,0
5023,454,2,1,0
5024,1625,2,2,0
5025,103,2,3,0
5026,826,2,2,0
5027,1457,2,3,0
5028,151,3,1,0
5029,255,1,3,0
5030,1127,1,5,0
5031,453,2,3,0
5032,1730,2,2,0
5033,518,3,3,0
5034,1038,3,8,0
5035,1120,6,7,0
5036,550,3,2,0
5037,1144,1,5,0
5038,342,1,4,0
5039,326,2,1,0
5040,1570,3,1,0
5041,226,2,2,0
5042,613,3,5,0
5043,1536,2,2,0
5044,347,1,2,0
5045,997,0,4,0
5046,980,3,1,0
5047,227,3,1,0
5048,1854,5,3,0
5049,676,5,2,0
5050,1785,3,3,0
5051,405,1,4,0
5052,81,2,2,0
5053,1733,2,2,0
5054,336,3,0,0
5055,1342,4,0,0
5056,121,5,4,0
5057,62,3,4,0
5058,1917,2,2,0
5059,1047,1,3,0
5060,1687,1,5,0
5061,1644,1,3,0
5062,1082,2,2,0
5063,722,1,4,0
5064,1967,2,1,0
5065,368,3,3,0
5066,1081,2,5,0
5067,1064,3,3,0
5068,675,0,6,0
5069,1890,1,4,0
5070,967,1,2,0
5071,1948,1,2,0
5072,702,2,2,0
5073,831,4,2,0
5074,144,21,2,1
5075,1003,4,2,0
5076,799,1,6,0
5077,1232,2,2,0
5078,866,2,2,0
5079,1498,1,4,0
5080,547,4,1,0
5081,673,32,2,1
5082,882,2,2,0
5083,1742,33,1,1
5084,1051,2,1,0
5085,925,1,3,0
5086,808,2,1,0
5087,1728,2,3,0
5088,1991,2,6,0
5089,257,1,7,0
5090,1967,1,6,0
5091,281,2,3,0
5092,1319,2,1,0
5093,224,1,2,0
5094,744,1,2,0
5095,293,1,2,0
5096,819,4,2,0
5097,856,1,4,0
5098,1163,3,2,0
5099,905,2,4,0
5100,890,1,2,0
5101,1375,2,1,0
5102,1740,1,5,0
5103,240,3,0,0
5104,1949,5,2,0
5105,70,2,4,0
5106,914,21,2,1
5107,624,2,3,0
5108,1081,2,2,0
5109,81,2,1,0
5110,1814,3,4,0
5111,48,1,7,0
5112,1583,2,1,0
5113,173,3,2,0
5114,1251,4,4,0
5115,1351,2,2,0
5116,825,3,2,0
5117,1947,2,3,0
5118,1276,0,3,0
5119,1896,0,6,0
5120,545,3,1,0
5121,1794,3,1,0
5122,1726,2,1,0
5123,507,1,3,0
5124,1795,2,2,0
5125,544,1,5,0
5126,617,2,2,0
5127,470,2,2,0
5128,1117,3,4,0
5129,395,1,2,0
5130,1691,2,2,0
5131,624,3,2,0
5132,398,30,2,1
5133,813,2,3,0
5134,1344,5,0,0
5135,945,1,4,0
5136,1015,1,3,0
5137,857,18,3,1
5138,672,3,0,0
5139,573,1,3,0
5140,602,3,2,0
5141,1336,5,1,0
5142,1009,0,3,0
5143,929,1,2,0
5144,1702,2,2,0
5145,140,2,1,0
5146,1071,2,1,0
5147,1712,3,2,0
5148,1412,1,4,0
5149,211,3,4,0
5150,669,1,2,0
5151,1588,2,3,0
5152,1549,3,2,0
5153,1680,1,2,0
5154,582,1,5,0
5155,348,1,3,0
5156,51,3,5,0
5157,1297,0,4,0
5158,223,1,3,0
5159,693,2,2,0
5160,1732,3,4,0
5161,1395,2,4,0
5162,1147,3,3,0
5163,1237,5,2,0
5164,1032,1,2,0
5165,405,3,2,0
5166,313,2,3,0
5167,1218,2,1,0
5168,1643,1,2,0
5169,175,1,3,0
5170,922,2,1,0
5171,220,3,2,0
5172,366,2,3,0
5173,1963,1,6,0
5174,408,1,3,0
5175,1027,2,3,0
5176,1912,1,5,0
5177,1886,5,4,0
5178,1549,4,0,0
5179,599,2,5,0
5180,1972,1,4,0
5181,635,2,5,0
5182,964,1,3,0
5183,695,3,4,0
5184,1649,1,4,0
5185,1233,5,0,0
5186,1071,20,2,1
5187,1984,2,2,0
5188,943,3,3,0
5189,1977,2,4,0
5190,171,0,3,0
5191,1500,2,1,0
5192,1600,3,1,0
5193,483,2,4,0
5194,250,2,1,0
5195,1221,2,1,0
5196,874,1,3,0
5197,1250,3,1,0
5198,373,2,2,0
5199,1845,1,5,0
5200,696,4,4,0
5201,242,1,4,0
5202,1465,42,4,1
5203,547,2,2,0
5204,321,2,3,0
5205,518,1,3,0
5206,306,1,3,0
5207,1345,4,1,0
5208,1128,0,4,0
5209,1495,1,4,0
5210,1387,3,3,0
5211,840,6,1,0
5212,1003,1,4,0
5213,964,1,2,0
5214,641,3,2,0
5215,883,2,1,0
5216,844,1,3,0
5217,580,1,4,0
5218,381,4,1,0
5219,315,2,4,0
5220,1055,3,2,0
5221,749,2,4,0
5222,1015,2,4,0
5223,1274,4,2,0
5224,1773,2,1,0
5225,560,0,4,0
5226,1985,3,1,0
5227,1771,0,4,0
5228,531,2,5,0
5229,902,4,2,0
5230,162,1,3,0
5231,127,3,4,0
5232,1008,6,2,0
5233,1689,3,1,0
5234,1159,5,0,0
5235,395,1,2,0
5236,1809,1,3,0
5237,1792,2,1,0
5238,700,2,3,0
5239,120,2,4,0
5240,1309,1,3,0
5241,116,2,4,0
5242,225,2,3,0
5243,117,1,3,0
5244,145,2,5,0
5245,1476,1,2,0
5246,216,1,4,0
5247,318,1,3,0
5248,969,1,4,0
5249,313,3,4,0
5250,776,7,1,0
5251,691,3,2,0
5252,49,0,6,0
5253,1950,1,2,0
5254,204,2,2,0
5255,136,2,2,0
5256,1792,1,3,0
5257,861,1,2,0
5258,1996,4,2,0
5259,1352,2,1,0
5260,334,2,2,0
5261,1446,2,2,0
5262,1498,2,1,0
5263,1409,3,3,0
5264,861,1,3,0
5265,464,2,2,0
5266,1809,2,2,0
5267,398,1,2,0
5268,1264,0,4,0
5269,601,3,0,0
5270,1618,3,2,0
5271,533,1,3,0
5272,1510,0,6,0
5273,828,2,3,0
5274,1598,4,5,0
5275,1314,3,2,0
5276,644,2,1,0
5277,270,1,4,0
5278,1468,1,3,0
5279,1232,2,2,0
5280,643,0,3,0
5281,439,3,3,0
5282,1246,2,4,0
5283,1649,2,3,0
5284,1521,1,3,0
5285,1832,3,2,0
5286,736,2,2,0
5287,514,4,2,0
5288,1644,0,5,0
5289,1419,2,1,0
5290,1505,1,3,0
5291,1888,3,0,0
5292,1284,0,4,0
5293,989,2,3,0
5294,1367,2,2,0
5295,1778,1,5,0
5296,511,3,1,0
5297,1634,2,2,0
5298,1185,2,1,0
5299,771,2,1,0
5300,1054,2,3,0
5301,819,1,3,0
5302,392,0,4,0
5303,1300,28,2,1
5304,1746,3,3,0
5305,456,3,4,0
5306,1101,3,3,0
5307,882,2,3,0
5308,940,1,2,0
5309,64,4,1,0
5310,157,1,3,0
5311,1042,1,2,0
5312,331,1,4,0
5313,164,5,2,0
5314,568,2,2,0
5315,1042,3,2,0
5316,549,1,4,0
5317,1945,2,2,0
5318,288,4,3,0
5319,962,1,3,0
5320,1872,1,3,0
5321,1404,1,2,0
5322,1960,28,1,1
5323,1880,2,3,0
5324,577,5,2,0
5325,1272,0,6,0
5326,254,3,4,0
5327,488,2,3,0
5328,306,1,4,0
5329,1260,19,2,1
5330,398,2,3,0
5331,251,1,3,0
5332,506,2,1,0
5333,758,2,2,0
5334,844,2,2,0
5335,1528,3,3,0
5336,731,2,3,0
5337,1431,2,2,0
5338,434,2,2,0
5339,1497,3,2,0
5340,458,0,3,0
5341,1776,1,3,0
5342,1553,2,2,0
5343,1167,1,3,0
5344,273,41,1,1
5345,1114,1,3,0
5346,1768,3,3,0
5347,266,1,3,0
5348,1494,2,1,0
5349,950,2,1,0
5350,975,2,2,0
5351,1647,1,4,0
5352,1960,3,1,0
5353,944,2,2,0
5354,733,4,1,0
5355,680,42,0,1
5356,1527,0,4,0
5357,717,1,3,0
5358,477,3,3,0
5359,1916,3,5,0
5360,1535,6,5,0
5361,348,3,1,0
5362,1814,18,3,1
5363,235,1,5,0
5364,1314,2,3,0
5365,825,2,5,0
5366,194,2,1,0
5367,1971,1,5,0
5368,1468,3,4,0
5369,193,3,3,0
5370,108,1,2,0
5371,693,2,4,0
5372,1606,3,1,0
5373,563,3,1,0
5374,1450,3,3,0
5375,300,3,2,0
5376,320,2,2,0
5377,151,2,2,0
5378,1826,2,2,0
5379,304,3,1,0
5380,1331,3,2,0
5381,1130,3,3,0
5382,878,2,1,0
5383,1301,3,4,0
5384,1671,2,4,0
5385,1342,5,4,0
5386,62,2,2,0
5387,564,2,7,0
5388,887,3,6,0
5389,851,3,2,0
5390,1168,3,2,0
5391,292,2,2,0
5392,519,2,3,0
5393,1022,0,4,0
5394,53,2,2,0
5395,1114,2,2,0
5396,1297,0,4,0
5397,701,1,5,0
5398,1503,2,3,0
5399,715,1,2,0
5400,263,2,1,0
5401,1065,2,2,0
5402,967,0,8,0
5403,864,2,4,0
5404,1298,2,5,0
5405,1784,3,1,0
5406,1393,1,5,0
5407,430,3,0,0
5408,1452,4,3,0
5409,1516,2,2,0
5410,148,1,3,0
5411,1706,0,7,0
5412,626,2,4,0
5413,1779,3,3,0
5414,583,1,4,0
5415,1449,2,1,0
5416,1716,2,1,0
5417,1050,1,4,0
5418,326,1,2,0
5419,515,2,3,0
5420,1238,2,3,0
5421,1622,2,2,0
5422,1367,3,5,0
5423,773,1,3,0
5424,1473,2,5,0
5425,1118,2,5,0
5426,236,2,3,0
5427,87,2,6,0
5428,1231,1,2,0
5429,983,3,3,0
5430,1679,4,1,0
5431,1064,3,1,0
5432,1988,2,2,0
5433,1397,3,3,0
5434,1113,1,2,0
5435,1874,1,3,0
5436,1527,3,1,0
5437,1880,4,1,0
5438,381,20,2,1
5439,919,2,3,0
5440,1540,5,1,0
5441,1632,1,3,0
5442,125,3,4,0
5443,726,2,3,0
5444,1425,2,3,0
5445,1809,1,3,0
5446,896,1,5,0
5447,1222,1,2,0
5448,497,1,3,0
5449,518,2,3,0
5450,1041,3,3,0
5451,557,0,5,0
5452,613,2,2,0
5453,93,27,2,1
5454,1052,1,3,0
5455,1789,3,1,0
5456,286,1,2,0
5457,1111,1,4,0
5458,1435,4,2,0
5459,744,5,1,0
5460,615,1,5,0
5461,1897,2,2,0
5462,1374,2,4,0
5463,373,4,1,0
5464,1332,1,3,0
5465,1548,1,2,0
5466,816,4,0,0
5467,1534,2,1,0
5468,809,2,1,0
5469,796,2,3,0
5470,156,3,2,0
5471,1452,3,1,0
5472,849,1,3,0
5473,39,1,4,0
5474,1616,1,5,0
5475,1316,0,3,0
5476,1320,0,4,0
5477,843,4,2,0
5478,1244,3,1,0
5479,892,2,4,0
5480,547,3,2,0
5481,1850,2,2,0
5482,43,3,1,0
5483,1594,2,2,0
5484,229,1,3,0
5485,1386,25,1,1
5486,1877,2,5,0
5487,825,0,6,0
5488,469,2,1,0
5489,245,3,2,0
5490,1913,1,2,0
5491,1930,0,8,0
5492,465,2,1,0
5493,1982,3,3,0
5494,944,3,2,0
5495,395,1,2,0
5496,791,2,2,0
5497,114,3,2,0
5498,1653,24,4,1
5499,1819,2,2,0
5500,1250,2,2,0
5501,942,0,4,0
5502,395,1,2,0
5503,1640,4,1,0
5504,759,3,2,0
5505,1404,1,3,0
5506,218,4,1,0
5507,143,0,6,0
5508,1822,1,3,0
5509,202,4,1,0
5510,1050,1,2,0
5511,793,2,2,0
5512,366,1,4,0
5513,675,2,3,0
5514,1898,3,0,0
5515,1485,2,5,0
5516,1897,0,4,0
5517,429,2,3,0
5518,1301,3,1,0
5519,1223,3,2,0
5520,305,3,3,0
5521,917,3,1,0
5522,1652,1,2,0
5523,637,2,2,0
5524,246,1,2,0
5525,423,3,0,0
5526,1288,2,2,0
5527,687,4,3,0
5528,1406,2,2,0
5529,1040,1,4,0
5530,1421,0,3,0
5531,1377,1,3,0
5532,1373,1,2,0
5533,1652,1,3,0
5534,1788,4,2,0
5535,1968,2,1,0
5536,196,1,2,0
5537,428,4,3,0
5538,393,0,4,0
5539,914,1,3,0
5540,601,1,4,0
5541,1630,1,4,0
5542,1532,2,1,0
5543,1417,5,0,0
5544,942,4,2,0
5545,542,1,3,0
5546,1037,1,5,0
5547,1135,2,3,0
5548,954,0,4,0
5549,425,2,3,0
5550,563,2,4,0
5551,1607,2,1,0
5552,831,6,0,0
5553,1768,1,2,0
5554,1078,2,1,0
5555,1308,1,6,0
5556,731,1,3,0
5557,1024,3,3,0
5558,704,3,2,0
5559,1743,3,4,0
5560,487,3,2,0
5561,992,1,2,0
5562,234,0,7,0
5563,1995,1,4,0
5564,1505,3,1,0
5565,645,32,1,1
5566,1420,3,1,0
5567,1649,2,3,0
5568,557,3,2,0
5569,1556,2,2,0
5570,1850,1,3,0
5571,154,2,1,0
5572,876,1,3,0
5573,1708,2,3,0
5574,947,1,2,0
5575,154,2,5,0
5576,1497,0,3,0
5577,512,1,3,0
5578,1029,2,3,0
5579,1810,2,3,0
5580,889,3,2,0
5581,1266,1,3,0
5582,105,1,3,0
5583,1638,1,4,0
5584,1984,3,2,0
5585,1947,1,4,0
5586,848,2,1,0
5587,1161,1,2,0
5588,563,2,2,0
5589,1248,1,2,0
5590,1824,1,2,0
5591,846,3,2,0
5592,1656,0,3,0
5593,843,3,3,0
5594,95,1,5,0
5595,350,2,2,0
5596,610,4,1,0
5597,557,4,1,0
5598,1237,1,4,0
5599,294,1,4,0
5600,1168,5,1,0
5601,604,1,8,0
5602,357,3,4,0
5603,499,4,1,0
5604,1014,2,1,0
5605,749,1,3,0
5606,1573,2,2,0
5607,1856,1,4,0
5608,879,1,3,0
5609,1399,1,4,0
5610,1101,3,3,0
5611,109,4,2,0
5612,1812,2,1,0
5613,1396,3,4,0
5614,845,1,2,0
5615,832,1,4,0
5616,557,1,3,0
5617,1502,1,4,0
5618,179,1,3,0
5619,1055,1,2,0
5620,299,1,3,0
5621,1928,0,4,0
5622,1665,3,1,0
5623,423,2,2,0
5624,1102,5,5,0
5625,1542,3,2,0
5626,1552,1,4,0
5627,1943,1,2,0
5628,273,4,2,0
5629,1639,2,3,0
5630,1271,2,2,0
5631,947,1,4,0
5632,165,2,1,0
5633,593,2,3,0
5634,1700,0,3,0
5635,981,1,4,0
5636,1051,3,2,0
5637,516,2,4,0
5638,1881,2,3,0
5639,956,3,1,0
5640,440,3,2,0
5641,429,1,2,0
5642,933,3,2,0
5643,1601,1,2,0
5644,983,1,3,0
5645,298,1,2,0
5646,1560,2,5,0
5647,104,2,2,0
5648,147,1,2,0
5649,588,3,5,0
5650,689,4,2,0
5651,1926,2,3,0
5652,1030,2,1,0
5653,1718,1,3,0
5654,1542,3,1,0
5655,787,2,3,0
5656,291,1,4,0
5657,1903,3,1,0
5658,492,2,1,0
5659,619,2,1,0
5660,1657,1,3,0
5661,562,1,2,0
5662,1144,2,1,0
5663,1323,3,4,0
5664,942,1,3,0
5665,1400,1,2,0
5666,177,1,3,0
5667,1072,1,4,0
5668,244,1,3,0
5669,221,1,2,0
5670,1439,1,2,0
5671,204,3,3,0
5672,1453,2,2,0
5673,1373,1,2,0
5674,852,0,4,0
5675,1269,2,2,0
5676,543,4,2,0
5677,262,2,1,0
5678,1765,2,1,0
5679,569,2,1,0
5680,738,2,2,0
5681,438,3,1,0
5682,117,2,4,0
5683,1238,3,1,0
5684,979,1,5,0
5685,616,2,4,0
5686,327,1,2,0
5687,1808,2,6,0
5688,1721,3,1,0
5689,1814,2,1,0
5690,1932,3,2,0
5691,933,2,1,0
5692,558,2,2,0
5693,1614,3,2,0
5694,1465,2,5,0
5695,1183,3,5,0
5696,1239,3,2,0
5697,1473,1,3,0
5698,1418,22,1,1
5699,798,1,4,0
5700,170,2,3,0
5701,399,2,3,0
5702,1355,4,1,0
5703,1778,2,4,0
5704,347,3,2,0
5705,61,4,0,0
5706,1251,3,2,0
5707,258,2,1,0
5708,1007,3,2,0
5709,1268,2,2,0
5710,131,1,3,0
5711,629,4,0,0
5712,1485,2,2,0
5713,342,1,4,0
5714,853,1,4,0
5715,176,2,2,0
5716,1331,2,2,0
5717,448,1,5,0
5718,966,3,0,0
5719,1644,3,6,0
5720,1453,0,4,0
5721,1692,4,1,0
5722,1991,2,1,0
5723,1769,2,1,0
5724,1894,1,3,0
5725,252,3,2,0
5726,544,3,1,0
5727,95,1,2,0
5728,244,2,3,0
5729,1557,2,2,0
5730,407,2,3,0
5731,976,3,4,0
5732,451,1,3,0
5733,1269,3,2,0
5734,1460,1,2,0
5735,1078,1,3,0
5736,1553,0,7,0
5737,793,4,0,0
5738,1932,1,3,0
5739,1379,2,1,0
5740,374,3,0,0
5741,1521,3,1,0
5742,677,3,1,0
5743,1273,1,2,0
5744,454,2,3,0
5745,72,2,1,0
5746,35,3,1,0
5747,1121,4,2,0
5748,747,1,2,0
5749,904,2,1,0
5750,517,2,5,0
5751,325,1,3,0
5752,738,1,4,0
5753,1965,1,4,0
5754,277,1,3,0
5755,1731,2,1,0
5756,1281,4,0,0
5757,178,2,3,0
5758,64,2,4,0
5759,1675,0,3,0
5760,264,36,0,1
5761,1671,2,3,0
5762,581,1,2,0
5763,1298,2,3,0
5764,935,3,0,0
5765,97,1,2,0
5766,730,2,4,0
5767,356,3,4,0
5768,669,2,4,0
5769,1718,3,3,0
5770,1289,2,2,0
5771,1900,3,3,0
5772,1768,1,5,0
5773,1191,2,7,0
5774,1149,2,3,0
5775,968,1,5,0
5776,480,3,1,0
5777,1056,3,2,0
5778,552,1,4,0
5779,1133,4,5,0
5780,545,1,2,0
5781,1670,2,1,0
5782,1414,2,4,0
5783,512,1,6,0
5784,1684,2,6,0
5785,145,1,3,0
5786,619,2,1,0
5787,1161,2,3,0
5788,321,0,3,0
5789,791,0,3,0
5790,169,3,5,0
5791,574,24,2,1
5792,894,2,2,0
5793,737,0,3,0
5794,1995,1,2,0
5795,1568,2,5,0
5796,1553,1,5,0
5797,103,2,2,0
5798,1614,1,2,0
5799,1836,3,1,0
5800,1605,3,2,0
5801,1914,4,3,0
5802,551,3,3,0
5803,1356,22,2,1
5804,419,1,2,0
5805,616,2,2,0
5806,1720,26,2,1
5807,277,1,3,0
5808,1890,1,3,0
5809,840,3,1,0
5810,1063,2,4,0
5811,924,2,2,0
5812,330,1,4,0
5813,1540,1,3,0
5814,1030,2,1,0
5815,1307,2,1,0
5816,1399,2,2,0
5817,1609,2,2,0
5818,1842,0,3,0
5819,1758,2,3,0
5820,1782,3,1,0
5821,1987,5,1,0
5822,1875,3,0,0
5823,1471,3,1,0
5824,1523,2,1,0
5825,754,0,4,0
5826,1136,2,3,0
5827,296,1,4,0
5828,317,2,3,0
5829,531,1,4,0
5830,129,4,2,0
5831,187,5,1,0
5832,456,1,3,0
5833,1693,1,4,0
5834,253,1,4,0
5835,643,3,2,0
5836,104,2,5,0
5837,1180,3,4,0
5838,750,2,5,0
5839,864,2,3,0
5840,1027,1,2,0
5841,1840,3,1,0
5842,200,0,5,0
5843,866,2,3,0
5844,1430,1,5,0
5845,577,2,1,0
5846,492,3,2,0
5847,620,2,3,0
5848,557,1,6,0
5849,517,2,3,0
5850,685,2,1,0
5851,1960,2,5,0
5852,1785,2,3,0
5853,1729,1,4,0
5854,573,2,2,0
5855,1115,1,2,0
5856,619,1,2,0
5857,1820,3,1,0
5858,1275,2,3,0
5859,438,2,1,0
5860,1185,3,1,0
5861,870,2,2,0
5862,712,1,2,0
5863,1901,3,3,0
5864,1260,3,1,0
5865,920,3,1,0
5866,194,3,4,0
5867,924,3,0,0
5868,62,5,0,0
5869,1504,2,4,0
5870,1239,3,0,0
5871,1938,0,4,0
5872,913,4,1,0
5873,153,3,2,0
5874,738,4,2,0
5875,1013,2,1,0
5876,1925,1,3,0
5877,678,1,3,0
5878,734,2,1,0
5879,1928,1,2,0
5880,1121,1,2,0
5881,1334,3,4,0
5882,1320,2,5,0
5883,308,5,0,0
5884,1149,2,2,0
5885,1117,0,4,0
5886,1853,2,2,0
5887,681,3,5,0
5888,1418,2,3,0
5889,1094,0,4,0
5890,1517,4,3,0
5891,1408,0,5,0
5892,1620,2,4,0
5893,756,2,1,0
5894,1080,2,4,0
5895,1233,3,0,0
5896,1325,2,4,0
5897,1740,3,1,0
5898,1120,2,2,0
5899,1307,2,1,0
5900,363,4,0,0
5901,162,2,3,0
5902,561,0,5,0
5903,612,2,2,0
5904,1074,3,2,0
5905,742,0,5,0
5906,190,4,2,0
5907,1785,1,3,0
5908,1294,1,2,0
5909,1400,2,2,0
5910,746,2,4,0
5911,1041,2,1,0
5912,1450,2,4,0
5913,1601,1,3,0
5914,275,2,2,0
5915,1855,2,5,0
5916,1377,3,4,0
5917,571,1,3,0
5918,1181,2,2,0
5919,1723,2,3,0
5920,348,4,3,0
5921,622,3,2,0
5922,806,4,3,0
5923,1781,2,2,0
5924,1746,1,2,0
5925,829,3,4,0
5926,1148,5,5,0
5927,1256,1,4,0
5928,1025,2,3,0
5929,900,1,4,0
5930,571,1,3,0
5931,1495,3,1,0
5932,1265,3,2,0
5933,1906,2,1,0
5934,534,3,1,0
5935,689,20,3,1
5936,1104,2,1,0
5937,1057,4,1,0
5938,574,1,3,0
5939,885,2,3,0
5940,1568,0,3,0
5941,1292,1,3,0
5942,971,1,3,0
5943,982,3,1,0
5944,1662,7,4,0
5945,365,0,3,0
5946,495,2,1,0
5947,349,2,1,0
5948,1996,3,2,0
5949,185,1,4,0
5950,1750,2,2,0
5951,954,0,5,0
5952,453,2,4,0
5953,1466,1,3,0
5954,583,1,2,0
5955,1797,2,2,0
5956,1032,2,3,0
5957,1005,1,4,0
5958,393,3,1,0
5959,1601,2,2,0
5960,1657,2,2,0
5961,1639,2,1,0
5962,679,1,3,0
5963,1328,3,0,0
5964,1640,1,3,0
5965,1752,1,4,0
5966,1312,2,3,0
5967,1002,2,2,0
5968,1836,2,4,0
5969,974,0,3,0
5970,954,2,2,0
5971,597,3,2,0
5972,1319,1,5,0
5973,1563,3,3,0
5974,1457,3,6,0
5975,1213,3,0,0
5976,1896,1,3,0
5977,1523,33,2,1
5978,1950,2,1,0
5979,584,2,2,0
5980,1311,3,1,0
5981,1471,2,3,0
5982,352,3,1,0
5983,1343,2,2,0
5984,1907,0,4,0
5985,49,37,2,1
5986,830,1,2,0
5987,1692,4,5,0
5988,1579,3,4,0
5989,852,2,4,0
5990,1229,2,2,0
5991,1863,2,2,0
5992,872,2,3,0
5993,490,5,4,0
5994,568,3,2,0
5995,1209,0,3,0
5996,993,3,0,0
5997,782,1,3,0
5998,1495,0,6,0
5999,968,35,1,1
6000,1866,21,1,1
6001,618,3,0,0
6002,316,2,1,0
6003,665,0,5,0
6004,272,3,0,0
6005,1897,3,3,0
6006,1785,1,5,0
6007,260,3,2,0
6008,1253,1,4,0
6009,1187,2,4,0
6010,1663,5,0,0
6011,404,1,2,0
6012,394,2,2,0
6013,338,3,3,0
6014,225,1,2,0
6015,1995,1,4,0
6016,1294,2,1,0
6017,1370,4,2,0
6018,1774,1,4,0
6019,75,3,1,0
6020,1038,1,2,0
6021,673,0,6,0
6022,168,2,1,0
6023,1876,2,4,0
6024,721,2,2,0
6025,1299,0,3,0
6026,1013,3,1,0
6027,342,4,1,0
6028,122,1,3,0
6029,1416,2,2,0
6030,1038,4,2,0
6031,1387,2,1,0
6032,379,0,5,0
6033,1382,3,3,0
6034,1256,1,2,0
6035,863,2,1,0
6036,1742,2,2,0
6037,562,3,2,0
6038,1333,1,3,0
6039,948,1,3,0
6040,753,3,0,0
6041,875,25,4,1
6042,155,3,3,0
6043,1025,4,1,0
6044,95,2,3,0
6045,663,3,2,0
6046,1813,3,1,0
6047,1863,0,5,0
6048,857,1,2,0
6049,1139,2,4,0
6050,187,25,4,1
6051,1081,4,0,0
6052,1719,2,2,0
6053,1711,3,1,0
6054,1227,1,3,0
6055,1088,3,2,0
6056,1644,2,1,0
6057,1655,1,2,0
6058,1051,3,2,0
6059,1900,3,2,0
6060,97,1,3,0
6061,488,1,4,0
6062,767,2,3,0
6063,403,3,0,0
6064,98,0,3,0
6065,1959,1,3,0
6066,799,2,1,0
6067,1582,1,3,0
6068,1222,3,2,0
6069,824,2,4,0
6070,1566,1,4,0
6071,731,2,1,0
6072,1792,3,2,0
6073,1716,3,3,0
6074,1628,2,2,0
6075,1566,3,2,0
6076,1282,2,2,0
6077,1149,1,3,0
6078,1406,1,6,0
6079,1147,2,1,0
6080,936,1,3,0
6081,1088,1,4,0
6082,275,1,2,0
6083,842,2,6,0
6084,1938,4,2,0
6085,1104,3,0,0
6086,1851,2,4,0
6087,1759,2,1,0
6088,925,3,4,0
6089,909,2,2,0
6090,1463,2,5,0
6091,1595,2,5,0
6092,1654,3,2,0
6093,939,2,2,0
6094,1081,0,4,0
6095,1489,3,5,0
6096,88,3,3,0
6097,240,2,2,0
6098,797,1,2,0
6099,1705,2,3,0
6100,1861,4,2,0
6101,312,1,3,0
6102,946,2,1,0
6103,298,2,3,0
6104,1803,2,4,0
6105,496,1,3,0
6106,703,1,4,0
6107,1763,2,3,0
6108,952,0,3,0
6109,799,4,2,0
6110,1887,3,3,0
6111,1392,0,3,0
6112,912,3,0,0
6113,475,2,2,0
6114,1856,2,3,0
6115,268,4,0,0
6116,373,0,5,0
6117,1192,1,2,0
6118,883,2,5,0
6119,1866,5,4,0
6120,639,1,5,0
6121,370,3,1,0
6122,80,3,3,0
6123,757,1,4,0
6124,988,3,0,0
6125,103,0,3,0
6126,403,0,5,0
6127,663,3,2,0
6128,1012,2,4,0
6129,1992,1,2,0
6130,248,2,3,0
6131,699,1,3,0
6132,361,2,2,0
6133,259,0,4,0
6134,934,1,5,0
6135,44,1,6,0
6136,333,1,3,0
6137,80,0,6,0
6138,344,0,3,0
6139,1935,2,2,0
6140,1255,1,3,0
6141,1960,2,4,0
6142,1636,3,3,0
6143,1122,2,1,0
6144,682,1,3,0
6145,412,2,1,0
6146,442,4,1,0
6147,862,3,4,0
6148,1035,2,1,0
6149,976,1,3,0
6150,1871,4,0,0
6151,846,2,3,0
6152,783,3,1,0
6153,1404,1,2,0
6154,458,1,4,0
6155,178,3,2,0
6156,1218,1,3,0
6157,740,1,2,0
6158,165,1,2,0
6159,410,0,6,0
6160,234,3,1,0
6161,527,1,2,0
6162,109,1,3,0
6163,1033,3,4,0
6164,1250,2,2,0
6165,1383,1,3,0
6166,1489,0,5,0
6167,1211,0,3,0
6168,1947,4,0,0
6169,390,1,4,0
6170,1344,3,1,0
6171,882,2,1,0
6172,679,1,4,0
6173,1988,2,2,0
6174,913,4,2,0
6175,179,3,2,0
6176,1525,3,2,0
6177,511,2,3,0
6178,846,2,2,0
6179,296,2,3,0
6180,961,1,4,0
6181,50,1,4,0
6182,213,2,5,0
6183,904,0,3,0
6184,1283,2,4,0
6185,827,1,3,0
6186,745,2,3,0
6187,1686,0,6,0
6188,306,2,1,0
6189,862,0,4,0
6190,1849,1,2,0
6191,1919,2,2,0
6192,498,3,1,0
6193,1402,2,1,0
6194,480,2,2,0
6195,1260,2,2,0
6196,1635,3,0,0
6197,1440,2,2,0
6198,579,2,6,0
6199,1137,1,3,0
6200,1392,1,2,0
6201,30,1,3,0
6202,1789,1,3,0
6203,939,1,4,0
6204,1080,1,3,0
6205,795,1,6,0
6206,1926,2,2,0
6207,46,2,1,0
6208,1845,1,3,0
6209,191,2,3,0
6210,51,19,3,1
6211,1922,3,1,0
6212,854,3,1,0
6213,370,1,2,0
6214,347,0,3,0
6215,1757,1,3,0
6216,1887,4,1,0
6217,341,2,2,0
6218,1797,2,4,0
6219,1298,1,2,0
6220,1793,1,2,0
6221,1404,2,4,0
6222,955,2,3,0
6223,223,3,1,0
6224,1678,1,3,0
6225,219,1,3,0
6226,159,1,3,0
6227,744,0,4,0
6228,1912,3,1,0
6229,68,0,5,0
6230,1997,1,2,0
6231,759,2,4,0
6232,320,3,2,0
6233,1979,0,4,0
6234,1279,1,3,0
6235,690,2,3,0
6236,192,2,2,0
6237,480,1,2,0
6238,313,1,4,0
6239,1885,3,5,0
6240,1103,3,4,0
6241,1690,3,2,0
6242,406,1,4,0
6243,1614,1,2,0
6244,1488,2,2,0
6245,1704,2,4,0
6246,592,3,3,0
6247,548,4,2,0
6248,1896,1,4,0
6249,1518,2,3,0
6250,414,1,4,0
6251,1031,2,1,0
6252,608,1,2,0
6253,75,4,1,0
6254,1219,1,3,0
6255,324,3,2,0
6256,956,1,2,0
6257,1742,2,4,0
6258,1571,1,4,0
6259,1860,0,5,0
6260,311,2,2,0
6261,399,3,0,0
6262,324,1,4,0
6263,609,1,2,0
6264,861,2,3,0
6265,519,2,2,0
6266,643,1,4,0
6267,32,3,1,0
6268,191,3,3,0
6269,1429,2,4,0
6270,914,2,3,0
6271,1066,0,6,0
6272,1534,1,3,0
6273,1677,4,3,0
6274,703,2,1,0
6275,1917,3,0,0
6276,381,3,4,0
6277,83,2,3,0
6278,712,1,4,0
6279,947,2,3,0
6280,126,3,4,0
6281,82,2,3,0
6282,582,4,2,0
6283,486,1,5,0
6284,336,2,3,0
6285,484,1,5,0
6286,1922,2,1,0
6287,136,2,2,0
6288,1930,36,2,1
6289,1867,1,3,0
6290,1271,5,0,0
6291,294,2,2,0
6292,1330,2,2,0
6293,1036,2,2,0
6294,318,2,1,0
6295,1978,1,2,0
6296,538,3,3,0
6297,1983,1,3,0
6298,1608,2,5,0
6299,1038,26,1,1
6300,392,3,1,0
6301,1440,1,4,0
6302,1680,4,2,0
6303,261,4,1,0
6304,1622,2,3,0
6305,1898,3,3,0
6306,1371,2,2,0
6307,317,2,1,0
6308,1969,3,3,0
6309,758,1,3,0
6310,800,1,2,0
6311,277,4,4,0
6312,1976,2,1,0
6313,263,1,3,0
6314,64,3,2,0
6315,1973,3,0,0
6316,942,19,1,1
6317,1475,2,3,0
6318,1534,2,3,0
6319,988,2,5,0
6320,40,2,2,0
6321,688,1,4,0
6322,1439,2,5,0
6323,106,2,2,0
6324,1696,2,5,0
6325,1427,3,0,0
6326,988,2,3,0
6327,654,1,3,0
6328,497,1,2,0
6329,421,2,2,0
6330,1398,1,4,0
6331,1845,3,0,0
6332,1253,0,3,0
6333,399,3,1,0
6334,1625,1,3,0
6335,1086,3,1,0
6336,1918,0,5,0
6337,1064,2,2,0
6338,112,1,3,0
6339,1130,2,1,0
6340,719,2,2,0
6341,1592,1,2,0
6342,288,3,2,0
6343,1780,1,3,0
6344,1329,4,1,0
6345,1986,1,3,0
6346,881,0,5,0
6347,334,0,5,0
6348,1336,2,4,0
6349,1145,3,1,0
6350,945,2,3,0
6351,1873,2,1,0
6352,317,1,5,0
6353,383,2,4,0
6354,595,2,4,0
6355,95,2,2,0
6356,1704,3,1,0
6357,1521,1,4,0
6358,1418,3,3,0
6359,450,2,3,0
6360,991,2,3,0
6361,596,0,6,0
6362,660,1,3,0
6363,1638,3,1,0
6364,812,1,2,0
6365,818,2,1,0
6366,300,2,2,0
6367,550,2,2,0
6368,250,1,3,0
6369,1626,5,3,0
6370,1514,1,2,0
6371,457,1,2,0
6372,1077,2,2,0
6373,1054,1,2,0
6374,661,2,4,0
6375,1001,3,2,0
6376,1012,3,1,0
6377,1172,2,1,0
6378,718,2,1,0
6379,1779,1,5,0
6380,163,1,3,0
6381,1624,2,1,0
6382,1804,2,2,0
6383,640,0,5,0
6384,218,2,2,0
6385,1552,3,1,0
6386,339,1,6,0
6387,312,0,4,0
6388,195,3,0,0
6389,1614,1,4,0
6390,1209,0,4,0
6391,288,3,1,0
6392,1501,2,3,0
6393,747,2,3,0
6394,114,5,1,0
6395,877,0,3,0
6396,1334,2,2,0
6397,133,1,3,0
6398,1869,3,3,0
6399,1091,1,3,0
6400,1429,2,2,0
6401,1744,1,4,0
6402,372,3,0,0
6403,1920,2,1,0
6404,1326,4,3,0
6405,700,2,2,0
6406,1692,1,2,0
6407,947,2,5,0
6408,1677,1,3,0
6409,873,3,3,0
6410,950,3,1,0
6411,1392,2,2,0
6412,359,0,4,0
6413,1119,1,2,0
6414,99,2,2,0
6415,1196,3,3,0
6416,1775,1,2,0
6417,54,2,1,0
6418,1709,0,5,0
6419,94,3,1,0
6420,539,2,3,0
6421,1412,4,2,0
6422,1626,3,2,0
6423,1801,1,4,0
6424,1278,2,1,0
6425,1069,4,2,0
6426,415,3,2,0
6427,225,2,3,0
6428,608,3,4,0
6429,1640,3,0,0
6430,1640,1,2,0
6431,925,0,5,0
6432,1923,0,3,0
6433,126,2,4,0
6434,1616,3,3,0
6435,774,39,0,1
6436,836,1,2,0
6437,1431,2,3,0
6438,1036,0,3,0
6439,1597,2,3,0
6440,440,0,3,0
6441,796,0,7,0
6442,952,1,6,0
6443,568,1,4,0
6444,56,2,2,0
6445,1467,2,2,0
6446,1260,2,1,0
6447,1622,2,1,0
6448,1708,1,4,0
6449,563,1,4,0
6450,1940,22,1,1
6451,1299,3,0,0
6452,1211,1,4,0
6453,1753,1,3,0
6454,157,2,1,0
6455,1098,5,2,0
6456,1027,3,1,0
6457,1017,3,1,0
6458,1210,1,2,0
6459,1417,1,2,0
6460,1171,1,2,0
6461,1225,1,3,0
6462,357,2,5,0
6463,1325,3,1,0
6464,1483,1,3,0
6465,274,2,4,0
6466,804,0,4,0
6467,1368,3,3,0
6468,311,19,1,1
6469,535,2,3,0
6470,1970,3,3,0
6471,100,3,2,0
6472,1203,3,3,0
6473,1583,1,5,0
6474,301,5,1,0
6475,845,2,1,0
6476,448,3,1,0
6477,470,2,2,0
6478,233,3,0,0
6479,392,2,1,0
6480,624,2,2,0
6481,840,1,3,0
6482,1166,1,2,0
6483,1297,2,3,0
6484,1823,2,3,0
6485,675,2,3,0
6486,1700,3,4,0
6487,816,1,4,0
6488,1629,3,1,0
6489,1509,1,3,0
6490,1270,3,1,0
6491,618,2,6,0
6492,1188,3,2,0
6493,1461,2,3,0
6494,1756,1,3,0
6495,356,3,1,0
6496,1990,2,3,0
6497,235,0,3,0
6498,460,2,4,0
6499,709,3,0,0
6500,543,4,3,0
6501,1344,0,6,0
6502,1605,1,2,0
6503,858,3,4,0
6504,1787,2,2,0
6505,1028,0,4,0
6506,1148,1,2,0
6507,482,2,2,0
6508,1285,1,4,0
6509,1657,2,3,0
6510,541,3,2,0
6511,721,1,4,0
6512,377,2,2,0
6513,1943,3,4,0
6514,317,3,2,0
6515,1348,2,2,0
6516,518,2,1,0
6517,1040,3,3,0
6518,58,0,3,0
6519,184,2,1,0
6520,159,3,1,0
6521,1346,1,4,0
6522,650,2,1,0
6523,781,2,2,0
6524,325,2,1,0
6525,1818,1,3,0
6526,1929,1,3,0
6527,260,4,1,0
6528,1806,2,3,0
6529,1387,0,4,0
6530,558,1,3,0
6531,1311,2,2,0
6532,1400,2,2,0
6533,1756,2,2,0
6534,580,2,1,0
6535,1816,2,4,0
6536,701,1,4,0
6537,92,3,4,0
6538,257,1,3,0
6539,1772,4,0,0
6540,1785,3,2,0
6541,1668,0,3,0
6542,1899,3,2,0
6543,932,3,3,0
6544,1897,1,4,0
6545,114,2,3,0
6546,1143,4,2,0
6547,1745,3,1,0
6548,1528,3,1,0
6549,1134,2,1,0
6550,549,4,1,0
6551,497,2,1,0
6552,1302,2,2,0
6553,428,2,2,0
6554,208,2,3,0
6555,425,3,1,0
6556,1944,1,4,0
6557,1073,3,3,0
6558,796,1,2,0
6559,825,3,1,0
6560,667,2,2,0
6561,1243,2,1,0
6562,930,2,2,0
6563,1957,26,3,1
6564,1923,1,5,0
6565,395,0,6,0
6566,430,0,6,0
6567,667,3,2,0
6568,1818,0,3,0
6569,334,1,2,0
6570,241,1,3,0
6571,1016,1,2,0
6572,362,0,4,0
6573,572,1,3,0
6574,1667,2,2,0
6575,957,2,1,0
6576,79,3,1,0
6577,1103,0,7,0
6578,161,1,3,0
6579,353,37,2,1
6580,486,27,2,1
6581,653,2,1,0
6582,404,3,1,0
6583,40,1,3,0
6584,787,1,2,0
6585,462,1,3,0
6586,562,3,1,0
6587,840,2,1,0
6588,654,2,2,0
6589,564,4,1,0
6590,1937,2,2,0
6591,233,2,3,0
6592,604,1,3,0
6593,1694,4,1,0
6594,399,1,3,0
6595,775,1,2,0
6596,1286,2,2,0
6597,1833,0,5,0
6598,951,2,2,0
6599,926,0,3,0
6600,260,2,1,0
6601,200,2,2,0
6602,1365,2,3,0
6603,1624,2,2,0
6604,346,4,1,0
6605,1932,2,3,0
6606,1544,1,5,0
6607,1991,3,4,0
6608,1534,2,3,0
6609,1115,2,3,0
6610,1056,2,3,0
6611,1334,1,6,0
6612,285,1,3,0
6613,1530,1,3,0
6614,927,1,4,0
6615,1299,2,2,0
6616,1889,2,2,0
6617,422,2,2,0
6618,1530,3,1,0
6619,575,3,2,0
6620,1872,22,2,1
6621,1545,1,2,0
6622,440,1,3,0
6623,79,1,2,0
6624,648,2,1,0
6625,1458,2,1,0
6626,1457,1,6,0
6627,468,2,3,0
6628,1897,2,3,0
6629,1422,2,5,0
6630,997,2,2,0
6631,579,3,1,0
6632,1245,2,4,0
6633,1955,2,2,0
6634,1843,3,1,0
6635,474,1,3,0
6636,1643,38,1,1
6637,1015,3,2,0
6638,1275,2,1,0
6639,507,0,4,0
6640,698,2,4,0
6641,150,2,1,0
6642,1486,1,3,0
6643,851,2,3,0
6644,290,2,2,0
6645,1528,2,2,0
6646,1915,3,2,0
6647,272,0,4,0
6648,1035,2,2,0
6649,971,2,2,0
6650,1018,3,4,0
6651,1115,2,2,0
6652,310,3,0,0
6653,1737,3,2,0
6654,1322,2,2,0
6655,637,19,3,1
6656,1998,2,1,0
6657,1275,3,0,0
6658,1543,1,3,0
6659,62,2,1,0
6660,294,3,0,0
6661,1614,3,0,0
6662,48,2,4,0
6663,550,23,2,1
6664,42,2,5,0
6665,511,0,6,0
6666,1284,3,2,0
6667,499,1,2,0
6668,428,1,3,0
6669,781,1,3,0
6670,1549,3,4,0
6671,316,1,5,0
6672,631,2,2,0
6673,878,1,4,0
6674,137,3,1,0
6675,1382,1,4,0
6676,735,1,3,0
6677,101,3,2,0
6678,306,2,2,0
6679,382,43,2,1
6680,988,1,6,0
6681,1760,2,3,0
6682,88,0,4,0
6683,1594,3,2,0
6684,65,3,4,0
6685,1056,1,5,0
6686,893,1,2,0
6687,896,3,2,0
6688,792,5,3,0
6689,936,2,2,0
6690,186,2,3,0
6691,1630,1,2,0
6692,1535,0,4,0
6693,1311,2,1,0
6694,1657,2,3,0
6695,632,1,3,0
6696,406,2,2,0
6697,1152,1,2,0
6698,316,1,2,0
6699,1656,1,3,0
6700,1728,1,2,0
6701,1425,3,2,0
6702,1218,1,3,0
6703,1898,1,2,0
6704,577,1,4,0
6705,1520,5,1,0
6706,848,2,1,0
6707,677,1,3,0
6708,567,3,1,0
6709,1840,1,3,0
6710,31,2,2,0
6711,1112,3,3,0
6712,578,1,4,0
6713,1643,4,3,0
6714,1151,2,4,0
6715,103,2,1,0
6716,1557,1,2,0
6717,848,1,2,0
6718,262,32,1,1
6719,1841,3,2,0
6720,1743,1,3,0
6721,1762,2,3,0
6722,1741,0,5,0
6723,108,0,4,0
6724,1509,1,4,0
6725,627,1,4,0
6726,1800,2,3,0
6727,1032,1,4,0
6728,591,1,4,0
6729,1246,2,1,0
6730,552,3,2,0
6731,1082,1,2,0
6732,1511,4,1,0
6733,1431,2,3,0
6734,366,2,2,0
6735,1262,2,1,0
6736,234,1,6,0
6737,1231,3,1,0
6738,51,0,5,0
6739,1119,2,3,0
6740,140,1,4,0
6741,399,0,6,0
6742,497,1,4,0
6743,1246,0,3,0
6744,1412,34,3,1
6745,768,0,3,0
6746,1662,2,4,0
6747,1888,3,4,0
6748,1438,4,0,0
6749,1513,0,4,0
6750,1790,1,6,0
6751,1530,1,2,0
6752,910,2,2,0
6753,1450,1,2,0
6754,320,2,1,0
6755,1643,2,2,0
6756,1284,2,2,0
6757,1899,2,1,0
6758,944,2,2,0
6759,1283,21,1,1
6760,1949,2,6,0
6761,1425,2,2,0
6762,1243,3,1,0
6763,451,2,3,0
6764,263,2,1,0
6765,335,3,2,0
6766,887,0,4,0
6767,183,1,2,0
6768,270,3,3,0
6769,697,1,2,0
6770,96,1,2,0
6771,433,3,3,0
6772,538,1,4,0
6773,1891,4,5,0
6774,1848,2,3,0
6775,1566,3,1,0
6776,61,3,2,0
6777,1007,1,3,0
6778,401,3,0,0
6779,1615,2,4,0
6780,1611,1,3,0
6781,1544,0,5,0
6782,1203,2,3,0
6783,1954,3,2,0
6784,1179,2,2,0
6785,1323,1,4,0
6786,1250,2,3,0
6787,1168,3,1,0
6788,237,2,1,0
6789,196,1,3,0
6790,886,1,3,0
6791,471,1,2,0
6792,1150,2,4,0
6793,1395,0,4,0
6794,1291,1,3,0
6795,1843,2,1,0
6796,763,3,2,0
6797,1068,3,1,0
6798,1977,2,1,0
6799,240,1,2,0
6800,1753,3,0,0
6801,1000,3,5,0
6802,571,2,2,0
6803,338,2,1,0
6804,233,2,3,0
6805,488,2,1,0
6806,1094,2,5,0
6807,879,2,2,0
6808,1129,2,2,0
6809,407,3,3,0
6810,1644,4,0,0
6811,430,3,1,0
6812,1193,3,3,0
6813,98,1,4,0
6814,419,3,3,0
6815,403,2,1,0
6816,992,0,3,0
6817,448,2,2,0
6818,1483,2,1,0
6819,152,1,3,0
6820,1246,1,2,0
6821,1514,1,3,0
6822,1377,2,2,0
6823,849,3,1,0
6824,1680,1,2,0
6825,793,1,2,0
6826,362,0,4,0
6827,989,1,4,0
6828,1005,3,2,0
6829,248,2,2,0
6830,1992,1,2,0
6831,112,3,3,0
6832,1648,1,3,0
6833,1996,1,3,0
6834,675,1,4,0
6835,956,3,0,0
6836,1217,1,4,0
6837,1489,2,1,0
6838,88,3,1,0
6839,373,0,5,0
6840,809,0,3,0
6841,1002,2,2,0
6842,1093,2,5,0
6843,675,2,1,0
6844,1098,1,2,0
6845,1149,0,3,0
6846,675,1,3,0
6847,1050,2,1,0
6848,183,1,2,0
6849,1019,3,4,0
6850,1686,1,3,0
6851,754,3,1,0
6852,679,2,2,0
6853,93,3,1,0
6854,687,1,3,0
6855,808,3,1,0
6856,597,19,3,1
6857,525,2,1,0
6858,1053,2,1,0
6859,1658,5,2,0
6860,1667,2,1,0
6861,1293,1,5,0
6862,1475,1,5,0
6863,357,32,2,1
6864,1862,1,2,0
6865,146,0,5,0
6866,491,2,2,0
6867,1562,3,1,0
6868,1748,3,0,0
6869,970,2,3,0
6870,1012,1,2,0
6871,1989,3,0,0
6872,835,3,2,0
6873,481,2,2,0
6874,829,3,2,0
6875,801,2,3,0
6876,546,0,6,0
6877,904,1,2,0
6878,636,21,4,1
6879,804,1,3,0
6880,1290,1,2,0
6881,159,2,2,0
6882,252,3,1,0
6883,596,1,4,0
6884,479,2,1,0
6885,683,1,3,0
6886,762,4,0,0
6887,186,2,6,0
6888,693,1,3,0
6889,803,1,3,0
6890,637,1,3,0
6891,1053,1,4,0
6892,627,2,1,0
6893,794,0,3,0
6894,973,0,4,0
6895,386,0,4,0
6896,1556,1,2,0
6897,1986,1,2,0
6898,1364,2,4,0
6899,1643,3,1,0
6900,1905,1,3,0
6901,1185,1,2,0
6902,1092,0,3,0
6903,259,3,0,0
6904,961,1,3,0
6905,1290,2,3,0
6906,493,1,3,0
6907,1926,1,4,0
6908,99,1,3,0
6909,725,0,4,0
6910,1963,2,2,0
6911,498,2,2,0
6912,366,3,2,0
6913,1871,1,2,0
6914,1419,0,6,0
6915,1399,3,3,0
6916,1054,2,1,0
6917,827,1,2,0
6918,1266,3,3,0
6919,1568,1,2,0
6920,1735,2,1,0
6921,258,3,1,0
6922,1563,2,3,0
6923,1189,0,4,0
6924,991,2,3,0
6925,590,1,2,0
6926,414,1,3,0
6927,674,2,2,0
6928,398,1,3,0
6929,1486,2,3,0
6930,1526,1,4,0
6931,228,2,1,0
6932,42,2,2,0
6933,1463,1,3,0
6934,1207,1,4,0
6935,1030,0,4,0
6936,1896,1,5,0
6937,1081,1,3,0
6938,1021,3,2,0
6939,1671,2,3,0
6940,1053,0,4,0
6941,1080,0,5,0
6942,630,0,6,0
6943,1321,2,2,0
6944,339,27,3,1
6945,1958,1,4,0
6946,1470,2,3,0
6947,441,2,1,0
6948,331,2,3,0
6949,540,3,0,0
6950,420,3,0,0
6951,1877,1,2,0
6952,1774,2,1,0
6953,1096,2,3,0
6954,873,1,3,0
6955,459,2,4,0
6956,136,2,2,0
6957,435,3,2,0
6958,1692,3,1,0
6959,591,4,2,0
6960,1745,0,4,0
6961,1063,2,3,0
6962,1638,4,3,0
6963,574,1,3,0
6964,1238,1,4,0
6965,533,1,2,0
6966,348,1,3,0
6967,1069,2,2,0
6968,321,3,1,0
6969,1577,2,3,0
6970,999,0,3,0
6971,101,1,2,0
6972,1198,3,0,0
6973,374,2,2,0
6974,927,4,3,0
6975,144,1,2,0
6976,468,1,2,0
6977,606,2,2,0
6978,276,1,4,0
6979,189,3,0,0
6980,799,2,1,0
6981,908,1,3,0
6982,502,3,1,0
6983,1020,2,3,0
6984,614,1,4,0
6985,226,3,4,0
6986,1716,1,3,0
6987,1523,5,1,0
6988,865,1,3,0
6989,937,1,3,0
6990,713,2,2,0
6991,1140,4,2,0
6992,925,2,2,0
6993,1807,2,2,0
6994,1878,3,4,0
6995,834,3,0,0
6996,1606,0,3,0
6997,128,2,2,0
6998,1655,0,4,0
6999,1395,2,2,0
7000,1172,1,2,0
7001,1930,2,2,0
7002,294,3,2,0
7003,431,4,1,0
7004,1799,1,2,0
7005,456,0,3,0
7006,1239,3,2,0
7007,1850,1,3,0
7008,545,1,2,0
7009,1133,3,3,0
7010,1931,1,4,0
7011,910,1,2,0
7012,1198,1,3,0
7013,1245,3,1,0
7014,155,2,4,0
7015,1906,2,3,0
7016,1098,1,2,0
7017,1871,2,1,0
7018,618,4,1,0
7019,873,0,5,0
7020,1071,1,2,0
7021,257,2,1,0
7022,818,1,2,0
7023,1019,0,5,0
7024,644,1,4,0
7025,1305,0,3,0
7026,1031,0,4,0
7027,1713,4,0,0
7028,596,3,1,0
7029,1410,1,2,0
7030,1976,1,3,0
7031,805,2,4,0
7032,935,3,1,0
7033,419,2,1,0
7034,1625,1,5,0
7035,1245,1,3,0
7036,461,3,1,0
7037,30,0,7,0
7038,1440,1,3,0
7039,310,1,2,0
7040,72,3,3,0
7041,1345,3,1,0
7042,936,2,2,0
7043,39,18,4,1
7044,340,2,3,0
7045,654,1,3,0
7046,624,3,1,0
7047,996,3,2,0
7048,213,3,3,0
7049,1339,2,2,0
7050,1815,1,2,0
7051,1781,1,2,0
7052,1074,5,1,0
7053,1424,2,3,0
7054,504,0,5,0
7055,1288,3,3,0
7056,1976,1,3,0
7057,902,3,3,0
7058,1930,2,2,0
7059,892,4,3,0
7060,352,3,0,0
7061,706,1,2,0
7062,240,2,3,0
7063,1149,2,2,0
7064,378,0,3,0
7065,1588,2,3,0
7066,1177,2,2,0
7067,738,2,1,0
7068,454,1,3,0
7069,183,2,3,0
7070,523,2,1,0
7071,1577,0,5,0
7072,1896,2,2,0
7073,588,1,2,0
7074,1734,1,3,0
7075,1080,2,4,0
7076,1677,2,2,0
7077,853,3,2,0
7078,1552,2,1,0
7079,1371,2,3,0
7080,1328,2,2,0
7081,656,1,4,0
7082,710,1,2,0
7083,842,31,3,1
7084,1064,1,3,0
7085,353,0,3,0
7086,822,0,3,0
7087,769,1,2,0
7088,1108,2,3,0
7089,1265,2,1,0
7090,1343,2,2,0
7091,643,2,1,0
7092,389,2,3,0
7093,358,2,2,0
7094,1147,3,2,0
7095,1561,1,2,0
7096,254,1,3,0
7097,566,24,3,1
7098,168,0,4,0
7099,99,1,2,0
7100,1964,3,2,0
7101,1405,2,1,0
7102,913,2,1,0
7103,1787,5,2,0
7104,937,2,2,0
7105,1427,1,3,0
7106,96,0,3,0
7107,1529,2,3,0
7108,1426,3,1,0
7109,1530,3,4,0
7110,168,1,3,0
7111,989,2,1,0
7112,213,2,2,0
7113,842,1,2,0
7114,1897,3,1,0
7115,607,0,4,0
7116,697,4,0,0
7117,452,2,1,0
7118,266,1,5,0
7119,1458,3,2,0
7120,777,2,3,0
7121,1486,2,2,0
7122,337,3,1,0
7123,615,1,2,0
7124,671,1,5,0
7125,1477,0,3,0
7126,1642,1,4,0
7127,1843,0,4,0
7128,484,0,5,0
7129,1786,2,2,0
7130,1116,0,6,0
7131,473,2,1,0
7132,1653,1,4,0
7133,1209,3,3,0
7134,1010,40,1,1
7135,1047,2,1,0
7136,883,2,3,0
7137,915,2,2,0
7138,1792,2,1,0
7139,155,0,4,0
7140,270,0,3,0
7141,706,1,2,0
7142,1029,30,0,1
7143,1177,3,1,0
7144,1274,2,1,0
7145,564,2,5,0
7146,1304,0,7,0
7147,1401,2,2,0
7148,1658,3,1,0
7149,725,3,0,0
7150,1400,0,4,0
7151,659,1,3,0
7152,1896,40,3,1
7153,1081,3,1,0
7154,284,1,3,0
7155,483,2,5,0
7156,537,0,3,0
7157,801,4,1,0
7158,1189,2,2,0
7159,1306,1,4,0
7160,967,40,2,1
7161,1336,18,2,1
7162,672,2,1,0
7163,1787,1,2,0
7164,139,2,2,0
7165,206,2,2,0
7166,1689,0,3,0
7167,267,1,3,0
7168,1647,6,0,0
7169,1860,2,1,0
7170,1296,1,3,0
7171,1492,1,2,0
7172,1568,1,3,0
7173,1295,4,0,0
7174,324,29,2,1
7175,1982,3,1,0
7176,1732,1,3,0
7177,1683,2,4,0
7178,643,2,2,0
7179,153,1,2,0
7180,818,1,2,0
7181,581,3,1,0
7182,1836,2,2,0
7183,1296,3,2,0
7184,926,2,1,0
7185,1614,1,4,0
7186,1376,1,3,0
7187,567,2,2,0
7188,75,1,3,0
7189,1512,2,2,0
7190,780,1,4,0
7191,86,1,5,0
7192,1171,0,4,0
7193,1086,1,2,0
7194,998,3,1,0
7195,1280,3,1,0
7196,1793,3,3,0
7197,306,1,3,0
7198,1915,2,3,0
7199,761,1,4,0
7200,1249,1,2,0
7201,1600,4,1,0
7202,181,35,2,1
7203,1878,2,2,0
7204,1350,2,1,0
7205,905,1,2,0
7206,668,3,2,0
7207,864,3,3,0
7208,999,1,3,0
7209,202,3,2,0
7210,1041,1,4,0
7211,292,5,2,0
7212,724,2,3,0
7213,740,2,1,0
7214,561,2,2,0
7215,1130,4,0,0
7216,88,1,4,0
7217,1762,0,5,0
7218,412,1,2,0
7219,1450,2,1,0
7220,129,2,3,0
7221,722,1,3,0
7222,966,1,4,0
7223,965,3,2,0
7224,582,4,1,0
7225,1330,1,2,0
7226,1503,1,3,0
7227,1297,0,5,0
7228,1684,2,1,0
7229,1490,2,3,0
7230,1217,1,3,0
7231,1604,1,3,0
7232,572,2,3,0
7233,737,1,3,0
7234,71,0,3,0
7235,650,2,2,0
7236,605,2,2,0
7237,598,2,1,0
7238,1189,3,1,0
7239,341,0,4,0
7240,1446,2,4,0
7241,1241,2,2,0
7242,350,2,2,0
7243,1203,1,4,0
7244,36,3,1,0
7245,432,1,4,0
7246,811,1,3,0
7247,426,2,2,0
7248,94,29,1,1
7249,1821,2,1,0
7250,1834,3,2,0
7251,766,3,3,0
7252,1900,1,3,0
7253,462,2,3,0
7254,588,2,2,0
7255,1489,2,2,0
7256,530,1,4,0
7257,1974,1,2,0
7258,1971,0,3,0
7259,675,1,2,0
7260,1591,23,2,1
7261,1635,1,3,0
7262,505,3,1,0
7263,1197,2,4,0
7264,1161,2,3,0
7265,1865,1,3,0
7266,765,2,5,0
7267,915,3,2,0
7268,644,2,2,0
7269,1251,0,3,0
7270,347,1,5,0
7271,1146,4,5,0
7272,895,4,1,0
7273,936,3,3,0
7274,760,1,2,0
7275,823,3,0,0
7276,1151,1,3,0
7277,472,2,1,0
7278,156,2,2,0
7279,426,2,4,0
7280,499,0,5,0
7281,763,2,3,0
7282,1329,1,3,0
7283,1945,3,2,0
7284,1466,0,4,0
7285,1252,1,4,0
7286,435,4,1,0
7287,332,1,3,0
7288,224,0,5,0
7289,1114,3,2,0
7290,818,3,0,0
7291,159,2,2,0
7292,1718,2,2,0
7293,1016,1,3,0
7294,218,3,1,0
7295,951,1,3,0
7296,1104,0,6,0
7297,1319,0,4,0
7298,667,1,2,0
7299,1996,1,2,0
7300,1295,2,1,0
7301,1330,2,2,0
7302,1347,1,3,0
7303,1113,3,1,0
7304,457,2,2,0
7305,524,3,1,0
7306,968,2,2,0
7307,383,2,1,0
7308,1894,1,2,0
7309,599,4,0,0
7310,1766,2,3,0
7311,1512,3,2,0
7312,1918,2,1,0
7313,930,3,1,0
7314,566,0,3,0
7315,833,1,3,0
7316,1205,2,2,0
7317,1923,2,2,0
7318,118,2,3,0
7319,1770,1,4,0
7320,964,1,4,0
7321,387,1,3,0
7322,1751,1,3,0
7323,1141,2,2,0
7324,1788,1,3,0
7325,282,2,1,0
7326,1271,3,2,0
7327,1463,2,4,0
7328,673,3,1,0
7329,1143,3,0,0
7330,1269,1,2,0
7331,485,2,3,0
7332,1689,4,0,0
7333,762,0,6,0
7334,1582,2,1,0
7335,1129,3,0,0
7336,1237,2,3,0
7337,1150,1,2,0
7338,1400,2,1,0
7339,1218,3,1,0
7340,285,2,2,0
7341,1919,1,2,0
7342,1059,3,3,0
7343,1141,3,0,0
7344,791,1,4,0
7345,1326,2,4,0
7346,1505,1,2,0
7347,864,2,2,0
7348,1994,2,3,0
7349,60,2,1,0
7350,1515,2,1,0
7351,775,1,2,0
7352,632,1,5,0
7353,1979,1,3,0
7354,113,1,3,0
7355,1932,4,1,0
7356,135,2,3,0
7357,531,2,3,0
7358,1068,2,3,0
7359,1270,3,0,0
7360,211,0,3,0
7361,1657,3,4,0
7362,824,2,2,0
7363,1441,2,3,0
7364,942,2,1,0
7365,901,0,4,0
7366,1508,1,2,0
7367,1052,0,4,0
7368,1308,2,1,0
7369,410,2,2,0
7370,1819,2,2,0
7371,1499,1,2,0
7372,571,1,2,0
7373,447,3,1,0
7374,901,3,1,0
7375,521,1,4,0
7376,972,1,4,0
7377,1086,2,1,0
7378,1812,3,1,0
7379,346,2,1,0
7380,1494,1,3,0
7381,652,3,3,0
7382,629,1,4,0
7383,1452,1,3,0
7384,1697,5,1,0
7385,371,1,2,0
7386,1824,4,2,0
7387,86,1,2,0
7388,520,1,3,0
7389,433,3,1,0
7390,293,0,4,0
7391,1307,2,1,0
7392,1160,1,3,0
7393,1913,0,3,0
7394,890,3,3,0
7395,1968,2,5,0
7396,1302,2,1,0
7397,278,1,2,0
7398,810,1,3,0
7399,786,0,5,0
7400,273,0,3,0
7401,1109,2,1,0
7402,924,1,3,0
7403,1634,1,4,0
7404,193,2,3,0
7405,1493,3,0,0
7406,685,0,5,0
7407,623,2,1,0
7408,1394,2,1,0
7409,1002,4,1,0
7410,651,2,1,0
7411,242,3,4,0
7412,106,2,1,0
7413,407,2,1,0
7414,1347,0,5,0
7415,1753,2,1,0
7416,769,2,1,0
7417,1959,4,2,0
7418,364,2,3,0
7419,1789,1,3,0
7420,1539,2,2,0
7421,431,2,1,0
7422,1307,1,2,0
7423,1618,2,4,0
7424,710,1,4,0
7425,1382,1,2,0
7426,1709,35,1,1
7427,925,2,3,0
7428,1847,1,4,0
7429,1147,3,0,0
7430,1180,2,3,0
7431,1385,1,3,0
7432,695,3,1,0
7433,857,2,1,0
7434,132,20,3,1
7435,536,4,1,0
7436,1894,1,4,0
7437,331,1,5,0
7438,1797,0,5,0
7439,1277,3,0,0
7440,725,1,3,0
7441,87,2,3,0
7442,780,1,3,0
7443,295,3,1,0
7444,548,1,2,0
7445,1458,3,2,0
7446,1547,0,5,0
7447,432,2,1,0
7448,1142,1,3,0
7449,579,2,1,0
7450,804,3,1,0
7451,1210,2,2,0
7452,757,1,3,0
7453,906,2,3,0
7454,1613,2,2,0
7455,46,0,3,0
7456,1651,3,2,0
7457,948,0,4,0
7458,1342,3,2,0
7459,61,3,1,0
7460,383,2,2,0
7461,1009,2,3,0
7462,1819,4,2,0
7463,1189,2,1,0
7464,1222,1,2,0
7465,978,2,2,0
7466,877,2,3,0
7467,1570,1,2,0
7468,1931,1,4,0
7469,1902,2,3,0
7470,1963,1,3,0
7471,259,1,3,0
7472,321,3,0,0
7473,1940,2,1,0
7474,1414,2,1,0
7475,798,3,0,0
7476,452,1,2,0
7477,1520,3,4,0
7478,113,1,2,0
7479,1453,3,0,0
7480,1530,0,5,0
7481,410,1,2,0
7482,1657,2,2,0
7483,1003,1,2,0
7484,1896,0,3,0
7485,1805,1,3,0
7486,1497,2,1,0
7487,1543,2,5,0
7488,395,3,3,0
7489,1009,2,3,0
7490,440,3,1,0
7491,1874,2,1,0
7492,1092,1,4,0
7493,1186,2,2,0
7494,1022,1,2,0
7495,1403,2,2,0
7496,1840,1,5,0
7497,1463,2,1,0
7498,1778,25,2,1
7499,1422,2,3,0
7500,1045,2,1,0
7501,1020,2,1,0
7502,1449,3,1,0
7503,1133,2,1,0
7504,1685,2,2,0
7505,631,3,0,0
7506,385,0,3,0
7507,955,1,4,0
7508,1633,1,3,0
7509,798,3,1,0
7510,66,2,1,0
7511,1410,2,1,0
7512,1351,1,3,0
7513,181,2,1,0
7514,209,1,4,0
7515,1178,3,0,0
7516,317,1,3,0
7517,943,0,4,0
7518,1318,2,4,0
7519,1605,2,2,0
7520,1823,2,1,0
7521,1953,2,3,0
7522,1861,3,1,0
7523,556,2,2,0
7524,968,0,5,0
7525,400,4,3,0
7526,537,2,2,0
7527,1478,3,0,0
7528,181,2,2,0
7529,666,2,4,0
7530,827,3,0,0
7531,1216,2,1,0
7532,878,1,2,0
7533,559,0,4,0
7534,1351,2,1,0
7535,1192,1,2,0
7536,1980,1,2,0
7537,1909,4,0,0
7538,839,0,3,0
7539,202,0,4,0
7540,92,4,1,0
7541,494,2,4,0
7542,1204,2,2,0
7543,1896,2,1,0
7544,62,0,3,0
7545,301,2,2,0
7546,1285,4,2,0
7547,1867,1,3,0
7548,1971,1,3,0
7549,86,1,3,0
7550,565,1,2,0
7551,99,1,3,0
7552,206,3,4,0
7553,930,24,1,1
7554,450,0,4,0
7555,1282,2,2,0
7556,527,0,4,0
7557,661,2,3,0
7558,1254,2,2,0
7559,1102,1,3,0
7560,510,2,1,0
7561,1312,2,3,0
7562,1100,1,3,0
7563,405,2,2,0
7564,204,1,3,0
7565,987,2,3,0
7566,1267,3,1,0
7567,1830,3,1,0
7568,1836,2,1,0
7569,432,3,5,0
7570,280,1,2,0
7571,1827,1,3,0
7572,396,1,2,0
7573,1018,2,1,0
7574,135,2,4,0
7575,751,1,2,0
7576,1502,2,1,0
7577,1701,4,2,0
7578,1909,1,5,0
7579,710,1,2,0
7580,401,1,4,0
7581,1436,1,2,0
7582,527,2,2,0
7583,1705,2,1,0
7584,1153,1,4,0
7585,1466,2,4,0
7586,405,3,3,0
7587,1386,0,5,0
7588,921,1,3,0
7589,677,2,2,0
7590,255,0,4,0
7591,1726,1,4,0
7592,651,1,2,0
7593,1240,1,2,0
7594,1217,2,1,0
7595,1305,3,1,0
7596,394,1,3,0
7597,938,1,3,0
7598,499,2,3,0
7599,350,3,0,0
7600,1364,2,2,0
7601,1653,2,2,0
7602,1206,2,3,0
7603,798,1,3,0
7604,1886,2,4,0
7605,1351,1,3,0
7606,174,2,2,0
7607,1003,2,1,0
7608,133,3,1,0
7609,432,1,3,0
7610,36,1,4,0
7611,1167,0,3,0
7612,644,1,3,0
7613,1010,2,1,0
7614,1356,0,4,0
7615,839,2,2,0
7616,463,1,2,0
7617,1022,3,1,0
7618,429,2,3,0
7619,1571,3,2,0
7620,1387,1,3,0
7621,462,32,4,1
7622,191,1,3,0
7623,260,2,1,0
7624,1082,2,2,0
7625,1515,1,4,0
7626,877,0,4,0
7627,913,1,4,0
7628,433,1,5,0
7629,653,0,4,0
7630,1537,0,4,0
7631,1809,2,1,0
7632,143,1,2,0
7633,503,2,3,0
7634,1189,2,2,0
7635,911,1,4,0
7636,1604,3,2,0
7637,115,2,1,0
7638,1644,1,2,0
7639,142,0,4,0
7640,776,3,1,0
7641,1135,3,4,0
7642,1950,1,3,0
7643,81,1,3,0
7644,601,3,3,0
7645,244,2,1,0
7646,1559,0,4,0
7647,1991,1,3,0
7648,127,1,3,0
7649,1928,1,3,0
7650,1301,3,1,0
7651,1979,1,4,0
7652,812,1,4,0
7653,1160,2,2,0
7654,884,2,2,0
7655,927,2,1,0
7656,1407,2,3,0
7657,1676,1,2,0
7658,1794,0,3,0
7659,342,1,4,0
7660,1485,1,3,0
7661,125,3,1,0
7662,1304,2,2,0
7663,763,1,4,0
7664,526,1,4,0
7665,417,2,3,0
7666,202,2,1,0
7667,1791,1,2,0
7668,1543,1,2,0
7669,1030,2,1,0
7670,444,2,2,0
7671,203,3,0,0
7672,817,3,1,0
7673,1023,2,2,0
7674,551,0,3,0
7675,1832,1,3,0
7676,1128,0,3,0
7677,1874,2,1,0
7678,1214,1,2,0
7679,1533,4,1,0
7680,679,2,1,0
7681,1163,3,1,0
7682,976,3,2,0
7683,1465,2,3,0
7684,695,2,2,0
7685,1321,1,2,0
7686,51,2,1,0
7687,113,1,2,0
7688,1198,3,1,0
7689,1900,2,1,0
7690,1117,1,2,0
7691,145,2,2,0
7692,1729,2,2,0
7693,1235,3,1,0
7694,1877,3,1,0
7695,322,2,3,0
7696,1905,1,3,0
7697,162,1,4,0
7698,1653,1,2,0
7699,1143,0,3,0
7700,312,2,2,0
7701,385,1,2,0
7702,1182,2,1,0
7703,196,1,4,0
7704,483,2,1,0
7705,391,2,2,0
7706,239,1,2,0
7707,1035,2,2,0
7708,917,1,2,0
7709,547,1,2,0
7710,891,3,5,0
7711,987,1,3,0
7712,1041,2,1,0
7713,1859,2,3,0
7714,141,2,2,0
7715,1596,1,3,0
7716,1047,1,4,0
7717,660,3,0,0
7718,272,1,5,0
7719,1074,1,2,0
7720,1495,1,3,0
7721,1416,2,1,0
7722,446,0,3,0
7723,1656,1,2,0
7724,1502,2,3,0
7725,1377,3,1,0
7726,1880,2,3,0
7727,1460,3,0,0
7728,992,0,5,0
7729,1502,0,3,0
7730,973,1,3,0
7731,446,2,1,0
7732,1345,2,4,0
7733,833,2,4,0
7734,873,1,4,0
7735,566,2,2,0
7736,1209,2,2,0
7737,270,1,3,0
7738,605,1,5,0
7739,1114,1,3,0
7740,302,1,3,0
7741,527,1,3,0
7742,725,2,2,0
7743,1983,1,2,0
7744,1441,1,2,0
7745,873,3,3,0
7746,1155,22,2,1
7747,482,2,6,0
7748,1322,2,2,0
7749,225,2,2,0
7750,1532,1,4,0
7751,1431,1,5,0
7752,1976,1,2,0
7753,1402,1,3,0
7754,1951,1,3,0
7755,1988,1,3,0
7756,1757,3,1,0
7757,1563,0,4,0
7758,991,1,5,0
7759,139,0,3,0
7760,1092,2,3,0
7761,893,1,2,0
7762,1183,2,3,0
7763,1918,3,2,0
7764,850,2,3,0
7765,1980,2,2,0
7766,927,1,2,0
7767,1926,1,3,0
7768,343,1,4,0
7769,757,2,2,0
7770,1172,1,3,0
7771,779,3,1,0
7772,590,1,3,0
7773,1621,1,3,0
7774,1886,2,1,0
7775,199,1,2,0
7776,637,0,3,0
7777,585,3,0,0
7778,1472,0,4,0
7779,76,1,2,0
7780,874,2,3,0
7781,1529,1,2,0
7782,559,2,3,0
7783,1180,1,3,0
7784,653,1,4,0
7785,446,1,5,0
7786,727,2,2,0
7787,662,3,1,0
7788,1315,3,2,0
7789,272,3,4,0
7790,541,2,2,0
7791,855,2,1,0
7792,885,22,3,1
7793,1467,0,4,0
7794,831,2,1,0
7795,356,1,3,0
7796,1021,2,3,0
7797,1080,2,1,0
7798,558,3,1,0
7799,289,1,2,0
7800,995,1,2,0
7801,1735,1,2,0
7802,202,2,2,0
7803,88,1,2,0
7804,1749,2,2,0
7805,1764,2,2,0
7806,799,2,1,0
7807,752,2,1,0
7808,429,2,3,0
7809,368,1,2,0
7810,1149,2,1,0
7811,755,1,3,0
7812,247,0,4,0
7813,1514,2,1,0
7814,1099,1,4,0
7815,1575,2,2,0
7816,234,2,1,0
7817,483,2,2,0
7818,610,2,1,0
7819,557,2,5,0
7820,964,2,1,0
7821,562,0,3,0
7822,1531,1,2,0
7823,572,2,2,0
7824,1151,2,3,0
7825,964,3,1,0
7826,931,2,1,0
7827,1744,1,3,0
7828,210,36,2,1
7829,585,0,5,0
7830,941,22,3,1
7831,1538,2,3,0
7832,1150,3,2,0
7833,80,1,3,0
7834,1383,1,2,0
7835,343,1,4,0
7836,542,3,4,0
7837,63,1,2,0
7838,598,2,3,0
7839,889,4,2,0
7840,1299,2,2,0
7841,1921,3,1,0
7842,1300,0,3,0
7843,1621,1,3,0
7844,101,3,2,0
7845,861,2,2,0
7846,1652,24,2,1
7847,1584,0,4,0
7848,874,3,1,0
7849,920,2,2,0
7850,322,1,2,0
7851,1608,0,4,0
7852,680,2,2,0
7853,1973,2,3,0
7854,1889,2,1,0
7855,736,2,1,0
7856,1160,1,3,0
7857,776,3,2,0
7858,154,1,4,0
7859,1108,1,4,0
7860,1643,1,3,0
7861,1102,1,2,0
7862,1132,2,1,0
7863,158,4,0,0
7864,1943,2,1,0
7865,1134,2,4,0
7866,1141,2,2,0
7867,568,22,1,1
7868,699,0,5,0
7869,665,1,5,0
7870,711,0,3,0
7871,116,2,2,0
7872,1657,1,3,0
7873,164,2,1,0
7874,249,1,2,0
7875,546,1,3,0
7876,867,4,4,0
7877,1422,2,3,0
7878,1567,2,2,0
7879,827,2,3,0
7880,1587,0,3,0
7881,1798,0,6,0
7882,1054,1,2,0
7883,869,1,2,0
7884,462,0,6,0
7885,1151,3,0,0
7886,1442,3,1,0
7887,1871,2,1,0
7888,1609,3,1,0
7889,1938,4,4,0
7890,1284,0,3,0
7891,713,1,3,0
7892,731,3,0,0
7893,75,1,4,0
7894,955,2,1,0
7895,665,2,3,0
7896,584,2,2,0
7897,236,2,4,0
7898,475,2,2,0
7899,1913,2,2,0
7900,1719,1,2,0
7901,734,1,3,0
7902,1093,1,3,0
7903,166,3,1,0
7904,37,3,2,0
7905,1782,0,7,0
7906,326,2,1,0
7907,1729,2,1,0
7908,78,0,4,0
7909,1083,1,2,0
7910,415,1,2,0
7911,724,1,3,0
7912,1136,0,4,0
7913,480,2,1,0
7914,126,3,3,0
7915,409,3,3,0
7916,304,0,3,0
7917,1177,0,4,0
7918,1562,2,2,0
7919,511,2,1,0
7920,843,0,4,0
7921,1857,1,3,0
7922,1340,2,2,0
7923,881,1,3,0
7924,1746,1,2,0
7925,1798,2,2,0
7926,316,3,0,0
7927,294,3,0,0
7928,190,1,3,0
7929,1647,2,1,0
7930,1387,0,4,0
7931,1028,1,2,0
7932,567,0,3,0
7933,1921,2,2,0
7934,1381,2,2,0
7935,138,3,4,0
7936,194,1,3,0
7937,568,0,3,0
7938,1704,1,2,0
7939,529,4,0,0
7940,1256,2,1,0
7941,1172,2,1,0
7942,1688,2,3,0
7943,76,2,1,0
7944,298,2,1,0
7945,1939,0,4,0
7946,1046,2,2,0
7947,981,0,4,0
7948,1919,0,4,0
7949,1392,1,2,0
7950,740,1,4,0
7951,175,1,5,0
7952,777,2,3,0
7953,987,2,1,0
7954,1317,0,4,0
7955,890,3,1,0
7956,513,3,0,0
7957,996,1,2,0
7958,1280,2,2,0
7959,854,1,3,0
7960,1245,2,2,0
7961,1974,3,4,0
7962,99,22,2,1
7963,1213,2,1,0
7964,816,3,2,0
7965,1609,22,0,1
7966,1042,1,2,0
7967,1453,2,2,0
7968,500,2,2,0
7969,1853,2,2,0
7970,1776,16,2,1
7971,1814,2,1,0
7972,1685,2,2,0
7973,1813,2,2,0
7974,483,2,4,0
7975,107,1,2,0
7976,901,23,0,1
7977,335,1,2,0
7978,215,4,1,0
7979,1689,1,3,0
7980,1047,3,2,0
7981,1820,2,3,0
7982,1768,2,3,0
7983,122,0,3,0
7984,1704,1,2,0
7985,711,1,3,0
7986,1842,0,4,0
7987,1149,0,3,0
7988,1681,3,2,0
7989,470,1,2,0
7990,193,0,4,0
7991,849,1,4,0
7992,153,2,2,0
7993,1541,1,2,0
7994,1311,3,0,0
7995,395,2,3,0
7996,1613,1,2,0
7997,1176,35,3,1
7998,1401,0,4,0
7999,666,1,2,0
8000,1159,2,2,0
8001,276,1,4,0
8002,272,1,2,0
8003,1272,3,3,0
8004,1012,2,2,0
8005,706,2,3,0
8006,906,1,2,0
8007,1404,2,1,0
8008,1964,1,2,0
8009,125,3,1,0
8010,137,1,2,0
8011,1855,1,3,0
8012,313,2,2,0
8013,222,2,3,0
8014,1444,2,2,0
8015,1276,3,0,0
8016,40,0,3,0
8017,183,1,2,0
8018,1350,1,3,0
8019,1472,4,0,0
8020,613,0,5,0
8021,1893,1,3,0
8022,171,1,2,0
8023,1102,0,3,0
8024,1358,3,2,0
8025,208,3,0,0
8026,1403,0,4,0
8027,391,2,2,0
8028,1924,2,1,0
8029,1595,3,1,0
8030,1208,2,3,0
8031,649,2,1,0
8032,1268,1,2,0
8033,1766,3,4,0
8034,372,2,3,0
8035,759,4,1,0
8036,119,2,3,0
8037,1080,0,4,0
8038,1997,2,2,0
8039,809,5,2,0
8040,1227,1,3,0
8041,1240,1,4,0
8042,1656,1,4,0
8043,1381,1,2,0
8044,478,1,2,0
8045,1020,2,2,0
8046,964,3,1,0
8047,1236,1,3,0
8048,1882,1,4,0
8049,543,1,3,0
8050,1875,2,1,0
8051,1343,1,3,0
8052,292,1,4,0
8053,1525,2,3,0
8054,710,1,4,0
8055,1122,2,2,0
8056,1447,2,2,0
8057,747,0,4,0
8058,852,1,3,0
8059,229,1,3,0
8060,358,0,4,0
8061,1093,1,2,0
8062,1234,3,1,0
8063,1949,1,3,0
8064,815,1,2,0
8065,708,3,3,0
8066,1504,2,2,0
8067,1996,1,2,0
8068,772,1,2,0
8069,1203,0,4,0
8070,1966,1,3,0
8071,768,3,1,0
8072,299,3,5,0
8073,63,1,3,0
8074,1682,1,2,0
8075,50,2,1,0
8076,271,1,2,0
8077,405,2,2,0
8078,1161,32,1,1
8079,1155,0,5,0
8080,953,3,0,0
8081,1049,3,2,0
8082,1328,1,2,0
8083,567,1,2,0
8084,140,2,1,0
8085,1479,0,4,0
8086,1243,3,1,0
8087,63,1,3,0
8088,1544,1,2,0
8089,1885,1,4,0
8090,1012,2,1,0
8091,160,2,3,0
8092,1044,1,3,0
8093,1427,3,1,0
8094,1891,1,2,0
8095,808,0,3,0
8096,470,2,2,0
8097,78,3,1,0
8098,829,1,5,0
8099,1149,3,0,0
8100,184,2,3,0
8101,1720,26,2,1
8102,56,0,3,0
8103,1595,1,4,0
8104,767,1,5,0
8105,573,4,0,0
8106,1483,1,4,0
8107,1470,0,4,0
8108,812,0,4,0
8109,301,1,4,0
8110,1032,4,2,0
8111,1433,1,2,0
8112,1232,0,5,0
8113,762,3,2,0
8114,1338,28,1,1
8115,893,2,2,0
8116,785,2,2,0
8117,1805,1,2,0
8118,465,3,0,0
8119,1782,2,1,0
8120,1906,3,1,0
8121,1528,3,2,0
8122,1568,2,2,0
8123,597,2,3,0
8124,1981,0,5,0
8125,1072,2,1,0
8126,1549,2,2,0
8127,716,1,4,0
8128,1917,1,2,0
8129,332,2,1,0
8130,1009,0,3,0
8131,1085,1,4,0
8132,1448,0,4,0
8133,666,3,2,0
8134,1702,1,2,0
8135,332,1,3,0
8136,1000,2,2,0
8137,937,1,3,0
8138,1200,2,2,0
8139,768,2,1,0
8140,1967,1,3,0
8141,840,2,2,0
8142,1204,2,1,0
8143,976,2,1,0
8144,99,1,3,0
8145,429,1,3,0
8146,602,1,2,0
8147,1187,0,3,0
8148,1639,0,3,0
8149,1448,2,1,0
8150,1811,2,1,0
8151,1422,2,2,0
8152,1132,1,3,0
8153,645,33,1,1
8154,933,2,2,0
8155,306,1,2,0
8156,1028,1,4,0
8157,989,3,1,0
8158,1656,2,3,0
8159,1022,2,1,0
8160,1042,2,3,0
8161,817,1,3,0
8162,1886,1,3,0
8163,1448,1,3,0
8164,1142,1,3,0
8165,1307,2,3,0
8166,1667,2,3,0
8167,1199,27,2,1
8168,309,1,2,0
8169,834,0,3,0
8170,341,2,1,0
8171,551,1,2,0
8172,1363,2,1,0
8173,1075,1,4,0
8174,1104,2,1,0
8175,167,0,3,0
8176,1903,2,2,0
8177,902,3,1,0
8178,898,1,3,0
8179,592,2,3,0
8180,536,2,1,0
8181,1534,1,3,0
8182,469,2,3,0
8183,554,3,1,0
8184,1494,0,5,0
8185,1569,0,3,0
8186,897,1,4,0
8187,196,1,3,0
8188,677,2,1,0
8189,1076,1,2,0
8190,805,1,4,0
8191,1223,3,0,0
8192,988,1,3,0
8193,411,2,1,0
8194,1935,2,1,0
8195,548,35,1,1
8196,1885,1,3,0
8197,837,3,0,0
8198,208,1,2,0
8199,70,1,2,0
8200,1157,3,2,0
8201,1396,2,4,0
8202,1797,4,1,0
8203,925,1,2,0
8204,764,1,2,0
8205,1928,1,2,0
8206,100,3,1,0
8207,1232,2,1,0
8208,321,2,3,0
8209,1661,2,2,0
8210,716,2,4,0
8211,205,2,1,0
8212,1637,0,3,0
8213,839,3,0,0
8214,598,1,2,0
8215,1454,2,1,0
8216,1723,2,3,0
8217,125,2,2,0
8218,632,3,1,0
8219,1360,2,3,0
8220,1456,0,4,0
8221,1861,3,3,0
8222,770,1,2,0
8223,1133,2,3,0
8224,59,3,0,0
8225,929,1,4,0
8226,1878,3,3,0
8227,1315,1,4,0
8228,796,2,2,0
8229,1305,0,5,0
8230,249,0,3,0
8231,505,0,3,0
8232,290,1,3,0
8233,866,2,3,0
8234,1164,2,1,0
8235,661,2,3,0
8236,479,1,2,0
8237,1841,26,2,1
8238,939,1,2,0
8239,249,2,2,0
8240,365,0,5,0
8241,1664,1,4,0
8242,574,1,2,0
8243,196,2,1,0
8244,1279,5,1,0
8245,1712,0,4,0
8246,1899,2,3,0
8247,788,1,3,0
8248,1944,1,2,0
8249,773,3,2,0
8250,232,1,2,0
8251,656,1,4,0
8252,916,0,3,0
8253,1480,0,3,0
8254,857,1,2,0
8255,1305,2,2,0
8256,1863,3,1,0
8257,1056,1,3,0
8258,1480,1,4,0
8259,1313,3,2,0
8260,907,2,1,0
8261,703,1,2,0
8262,1756,1,2,0
8263,806,2,4,0
8264,1320,1,2,0
8265,1007,2,2,0
8266,1501,1,4,0
8267,1394,1,4,0
8268,602,1,3,0
8269,732,3,1,0
8270,1213,3,2,0
8271,1865,3,0,0
8272,281,2,2,0
8273,1711,2,1,0
8274,288,1,3,0
8275,676,2,3,0
8276,1479,2,2,0
8277,370,4,5,0
8278,903,1,4,0
8279,296,3,4,0
8280,1682,1,2,0
8281,206,1,4,0
8282,790,0,3,0
8283,1687,1,3,0
8284,1397,2,3,0
8285,1591,1,2,0
8286,1519,3,4,0
8287,1608,1,2,0
8288,559,1,3,0
8289,591,2,2,0
8290,639,28,3,1
8291,1322,0,3,0
8292,1292,2,3,0
8293,1759,1,3,0
8294,1587,2,1,0
8295,834,3,1,0
8296,1457,2,2,0
8297,941,3,1,0
8298,1196,1,2,0
8299,336,2,2,0
8300,743,2,1,0
8301,1929,2,2,0
8302,1300,1,2,0
8303,1889,2,2,0
8304,1865,1,2,0
8305,327,3,1,0
8306,1332,1,4,0
8307,641,3,0,0
8308,1809,0,4,0
8309,792,2,2,0
8310,1524,1,3,0
8311,1856,0,4,0
8312,1514,0,6,0
8313,1976,1,4,0
8314,414,2,2,0
8315,126,2,7,0
8316,1071,3,2,0
8317,1035,3,1,0
8318,1646,2,1,0
8319,1812,1,4,0
8320,771,0,4,0
8321,1561,2,2,0
8322,1960,1,2,0
8323,717,1,3,0
8324,1407,0,3,0
8325,721,2,3,0
8326,1094,2,1,0
8327,967,2,1,0
8328,1235,23,1,1
8329,1359,1,3,0
8330,351,3,3,0
8331,486,1,5,0
8332,688,1,3,0
8333,1204,2,1,0
8334,1734,0,3,0
8335,1219,2,1,0
8336,1363,2,2,0
8337,1563,1,4,0
8338,1836,0,4,0
8339,875,2,2,0
8340,917,1,2,0
8341,1198,3,1,0
8342,1058,1,4,0
8343,135,1,3,0
8344,1378,2,6,0
8345,1123,0,6,0
8346,236,2,1,0
8347,1807,0,6,0
8348,889,3,2,0
8349,1812,34,3,1
8350,837,2,3,0
8351,604,3,0,0
8352,855,1,4,0
8353,1624,2,2,0
8354,907,0,3,0
8355,176,2,3,0
8356,1444,2,2,0
8357,1798,3,2,0
8358,1399,3,1,0
8359,34,1,3,0
8360,148,0,3,0
8361,839,3,4,0
8362,1312,2,3,0
8363,1924,1,2,0
8364,670,1,2,0
8365,1586,2,1,0
8366,1514,1,4,0
8367,925,1,2,0
8368,71,1,2,0
8369,821,1,3,0
8370,1916,1,3,0
8371,1162,0,3,0
8372,1734,2,1,0
8373,752,3,1,0
8374,1918,1,4,0
8375,1769,1,3,0
8376,1818,1,2,0
8377,1838,1,4,0
8378,168,1,4,0
8379,1380,3,1,0
8380,821,1,2,0
8381,1542,2,2,0
8382,1668,3,2,0
8383,951,0,3,0
8384,566,2,3,0
8385,1348,1,5,0
8386,1066,0,4,0
8387,730,1,2,0
8388,111,0,4,0
8389,253,1,2,0
8390,272,1,3,0
8391,1913,0,5,0
8392,435,3,4,0
8393,369,3,0,0
8394,1972,1,2,0
8395,1443,2,2,0
8396,298,2,1,0
8397,1944,4,2,0
8398,684,3,1,0
8399,529,1,2,0
8400,393,2,3,0
8401,950,3,1,0
8402,1161,3,1,0
8403,144,1,3,0
8404,1851,1,2,0
8405,1306,1,2,0
8406,1437,26,2,1
8407,1987,1,6,0
8408,488,1,2,0
8409,953,2,2,0
8410,850,1,2,0
8411,1579,1,3,0
8412,1959,0,5,0
8413,1035,2,2,0
8414,1102,1,5,0
8415,1391,2,1,0
8416,1789,0,3,0
8417,1979,2,2,0
8418,720,1,3,0
8419,1374,2,2,0
8420,708,1,2,0
8421,91,0,4,0
8422,746,2,1,0
8423,492,2,1,0
8424,1968,2,2,0
8425,1903,0,3,0
8426,1181,1,2,0
8427,312,2,3,0
8428,1295,1,2,0
8429,949,2,3,0
8430,76,3,3,0
8431,1198,3,2,0
8432,1518,3,1,0
8433,1985,3,0,0
8434,1318,20,1,1
8435,912,1,2,0
8436,1018,0,4,0
8437,1578,2,3,0
8438,1726,0,5,0
8439,1674,4,4,0
8440,315,0,3,0
8441,1506,2,3,0
8442,1912,1,2,0
8443,1181,2,2,0
8444,1196,3,1,0
8445,795,0,4,0
8446,528,0,3,0
8447,1238,1,2,0
8448,100,2,1,0
8449,516,1,3,0
8450,1345,1,4,0
8451,1606,2,2,0
8452,1506,2,1,0
8453,474,2,2,0
8454,366,2,2,0
8455,1216,2,1,0
8456,1786,2,1,0
8457,1965,2,2,0
8458,1394,2,2,0
8459,39,1,5,0
8460,379,2,1,0
8461,472,0,4,0
8462,293,2,1,0
8463,1580,1,3,0
8464,1133,1,5,0
8465,1828,1,2,0
8466,1194,2,4,0
8467,1173,2,1,0
8468,1957,0,4,0
8469,1046,42,1,1
8470,558,1,5,0
8471,1237,0,3,0
8472,1099,2,1,0
8473,1651,1,4,0
8474,1528,1,2,0
8475,931,1,2,0
8476,1462,3,2,0
8477,1124,0,4,0
8478,178,1,2,0
8479,1056,1,3,0
8480,49,0,4,0
8481,214,1,2,0
8482,1762,1,5,0
8483,1974,2,1,0
8484,1939,1,4,0
8485,1829,1,3,0
8486,1653,2,3,0
8487,1942,3,2,0
8488,1096,1,3,0
8489,853,1,3,0
8490,740,2,4,0
8491,656,1,2,0
8492,577,2,1,0
8493,1024,3,0,0
8494,75,2,2,0
8495,1827,2,2,0
8496,1313,1,3,0
8497,401,2,1,0
8498,279,1,4,0
8499,423,2,2,0
8500,1539,1,2,0
8501,1963,0,4,0
8502,1880,2,3,0
8503,1567,1,3,0
8504,1388,2,1,0
8505,1501,0,3,0
8506,278,2,2,0
8507,513,2,1,0
8508,1552,1,2,0
8509,1841,1,3,0
8510,134,3,2,0
8511,213,0,4,0
8512,845,3,1,0
8513,722,3,3,0
8514,1419,1,4,0
8515,1619,2,2,0
8516,80,1,4,0
8517,755,1,4,0
8518,856,1,2,0
8519,1512,2,3,0
8520,1142,2,2,0
8521,1685,2,1,0
8522,489,1,3,0
8523,1225,3,2,0
8524,138,1,4,0
8525,1887,2,2,0
8526,997,1,2,0
8527,1634,1,2,0
8528,496,1,3,0
8529,390,1,3,0
8530,1421,2,1,0
8531,150,2,1,0
8532,184,3,2,0
8533,153,3,2,0
8534,1506,1,2,0
8535,1556,1,2,0
8536,743,0,5,0
8537,827,2,1,0
8538,1030,2,2,0
8539,1332,0,4,0
8540,187,0,3,0
8541,1162,2,1,0
8542,1054,0,4,0
8543,576,2,1,0
8544,1019,2,2,0
8545,1739,0,3,0
8546,1419,32,2,1
8547,1420,1,3,0
8548,1840,2,2,0
8549,1574,1,4,0
8550,683,1,2,0
8551,1252,1,3,0
8552,1548,1,2,0
8553,1725,1,4,0
8554,1115,1,2,0
8555,1114,2,3,0
8556,1868,2,1,0
8557,1854,1,2,0
8558,612,3,0,0
8559,1925,2,2,0
8560,1039,2,2,0
8561,1519,2,1,0
8562,1913,3,1,0
8563,1295,1,4,0
8564,1452,2,1,0
8565,1265,38,1,1
8566,1817,1,3,0
8567,621,1,2,0
8568,154,2,3,0
8569,1498,2,2,0
8570,1286,2,4,0
8571,1990,1,3,0
8572,1698,2,1,0
8573,758,2,2,0
8574,1292,41,2,1
8575,1776,0,4,0
8576,977,1,2,0
8577,1857,2,1,0
8578,209,2,1,0
8579,1547,1,4,0
8580,1037,1,5,0
8581,1433,2,2,0
8582,1672,1,2,0
8583,472,32,1,1
8584,372,0,4,0
8585,81,0,4,0
8586,682,2,1,0
8587,1542,2,2,0
8588,946,2,2,0
8589,1960,2,2,0
8590,929,2,3,0
8591,48,0,5,0
8592,961,2,2,0
8593,1981,2,3,0
8594,744,2,1,0
8595,537,1,3,0
8596,601,2,2,0
8597,363,1,3,0
8598,470,1,2,0
8599,1879,3,0,0
8600,502,2,1,0
8601,257,2,3,0
8602,1871,1,2,0
8603,378,3,0,0
8604,1632,2,3,0
8605,258,2,2,0
8606,457,1,4,0
8607,1551,1,5,0
8608,559,2,2,0
8609,1876,1,3,0
8610,71,2,4,0
8611,252,2,2,0
8612,732,1,2,0
8613,447,0,3,0
8614,1674,2,1,0
8615,1675,3,1,0
8616,1593,1,3,0
8617,894,1,2,0
8618,690,2,1,0
8619,686,2,3,0
8620,568,1,2,0
8621,49,2,1,0
8622,1849,2,2,0
8623,286,1,3,0
8624,1309,1,3,0
8625,251,3,1,0
8626,475,1,4,0
8627,863,1,2,0
8628,1752,2,2,0
8629,1369,2,2,0
8630,1372,1,2,0
8631,1891,2,2,0
8632,375,2,1,0
8633,533,1,4,0
8634,1739,1,3,0
8635,1237,1,2,0
8636,86,3,1,0
8637,1809,2,1,0
8638,328,1,4,0
8639,455,2,1,0
8640,1104,1,2,0
8641,1903,3,0,0
8642,1767,2,2,0
8643,1685,0,4,0
8644,1174,1,3,0
8645,1206,3,1,0
8646,890,2,1,0
8647,1164,3,3,0
8648,200,1,2,0
8649,168,1,3,0
8650,1066,2,2,0
8651,1679,3,0,0
8652,1474,1,2,0
8653,1857,1,3,0
8654,1214,2,2,0
8655,786,2,2,0
8656,1604,1,2,0
8657,779,2,2,0
8658,1020,0,3,0
8659,1439,2,3,0
8660,1801,1,2,0
8661,122,2,2,0
8662,352,1,2,0
8663,1231,2,2,0
8664,123,2,1,0
8665,1095,1,3,0
8666,1079,3,0,0
8667,1460,3,3,0
8668,661,1,4,0
8669,586,1,5,0
8670,991,1,3,0
8671,1015,2,1,0
8672,1046,0,4,0
8673,1693,1,2,0
8674,1559,2,2,0
8675,120,2,1,0
8676,1209,3,0,0
8677,322,1,4,0
8678,1993,2,1,0
8679,1976,2,1,0
8680,1048,1,2,0
8681,987,0,5,0
8682,221,41,1,1
8683,1235,2,2,0
8684,1858,2,1,0
8685,932,2,1,0
8686,1773,3,1,0
8687,1435,2,2,0
8688,565,2,1,0
8689,100,3,1,0
8690,1529,1,5,0
8691,614,1,2,0
8692,420,3,1,0
8693,1239,1,5,0
8694,1697,1,3,0
8695,470,0,3,0
8696,293,1,2,0
8697,1984,3,1,0
8698,508,2,3,0
8699,1363,2,2,0
8700,204,1,5,0
8701,940,2,2,0
8702,208,1,2,0
8703,1954,1,2,0
8704,1998,0,3,0
8705,473,1,4,0
8706,1100,2,3,0
8707,1475,1,3,0
8708,120,2,3,0
8709,426,1,2,0
8710,31,0,4,0
8711,436,2,2,0
8712,65,0,3,0
8713,970,2,1,0
8714,1231,3,1,0
8715,1424,2,2,0
8716,949,2,2,0
8717,1660,1,2,0
8718,1424,2,7,0
8719,430,1,3,0
8720,1640,2,1,0
8721,1961,2,1,0
8722,529,2,4,0
8723,190,3,2,0
8724,1640,2,2,0
8725,835,0,4,0
8726,610,1,4,0
8727,1131,3,1,0
8728,546,2,1,0
8729,536,2,1,0
8730,956,1,2,0
8731,59,1,4,0
8732,1724,3,2,0
8733,900,0,3,0
8734,1455,3,1,0
8735,778,1,2,0
8736,1395,2,2,0
8737,1311,1,2,0
8738,1647,2,3,0
8739,317,1,3,0
8740,1930,1,3,0
8741,1796,2,1,0
8742,56,1,4,0
8743,1634,1,3,0
8744,1191,3,2,0
8745,204,2,2,0
8746,487,0,4,0
8747,127,2,1,0
8748,1477,2,3,0
8749,1849,2,4,0
8750,1059,2,2,0
8751,1460,2,1,0
8752,1630,1,4,0
8753,914,2,2,0
8754,1958,0,4,0
8755,249,1,3,0
8756,1637,2,2,0
8757,832,1,2,0
8758,1493,2,2,0
8759,1754,3,2,0
8760,1594,0,3,0
8761,591,2,1,0
8762,565,2,1,0
8763,817,2,1,0
8764,1167,2,4,0
8765,310,1,3,0
8766,814,4,1,0
8767,764,2,1,0
8768,242,1,3,0
8769,1302,2,2,0
8770,78,2,2,0
8771,1815,3,3,0
8772,1054,2,1,0
8773,1714,2,2,0
8774,216,1,5,0
8775,1802,2,3,0
8776,290,1,2,0
8777,1790,2,2,0
8778,546,0,4,0
8779,1839,1,2,0
8780,1453,0,4,0
8781,342,2,2,0
8782,801,2,2,0
8783,156,2,3,0
8784,1832,3,0,0
8785,1441,0,4,0
8786,894,3,1,0
8787,398,2,3,0
8788,1220,2,1,0
8789,1458,3,2,0
8790,479,41,1,1
8791,1372,2,1,0
8792,811,2,1,0
8793,1435,0,3,0
8794,1783,2,2,0
8795,148,1,3,0
8796,371,2,1,0
8797,1287,2,2,0
8798,1131,2,2,0
8799,1553,3,1,0
8800,1782,2,2,0
8801,431,1,3,0
8802,1005,2,3,0
8803,1087,2,2,0
8804,908,2,1,0
8805,802,1,3,0
8806,532,2,1,0
8807,1430,2,1,0
8808,1073,1,3,0
8809,748,3,2,0
8810,1809,3,0,0
8811,956,2,2,0
8812,1115,2,2,0
8813,308,2,1,0
8814,949,0,4,0
8815,463,2,3,0
8816,74,1,2,0
8817,151,2,2,0
8818,905,1,2,0
8819,1700,1,3,0
8820,1254,1,2,0
8821,367,1,3,0
8822,583,0,4,0
8823,1035,1,3,0
8824,591,0,3,0
8825,543,3,2,0
8826,864,2,1,0
8827,1496,1,2,0
8828,167,1,4,0
8829,959,2,2,0
8830,711,2,1,0
8831,467,2,2,0
8832,1348,3,4,0
8833,1616,1,2,0
8834,1178,1,4,0
8835,1498,1,3,0
8836,1150,3,1,0
8837,481,3,2,0
8838,865,1,3,0
8839,1624,1,2,0
8840,1635,2,3,0
8841,810,1,2,0
8842,1169,2,1,0
8843,1730,2,2,0
8844,1810,2,3,0
8845,211,1,5,0
8846,1777,1,2,0
8847,1199,3,1,0
8848,703,0,3,0
8849,1855,1,3,0
8850,296,2,1,0
8851,795,3,3,0
8852,111,35,1,1
8853,785,1,2,0
8854,1510,1,3,0
8855,1580,17,4,1
8856,1819,1,3,0
8857,1250,1,4,0
8858,1607,2,2,0
8859,1407,3,1,0
8860,322,2,1,0
8861,1935,0,3,0
8862,640,3,1,0
8863,1415,2,2,0
8864,102,35,3,1
8865,290,1,4,0
8866,792,3,0,0
8867,1814,2,2,0
8868,1385,1,4,0
8869,660,2,1,0
8870,1905,24,2,1
8871,1703,2,2,0
8872,1834,2,1,0
8873,217,2,1,0
8874,1412,1,2,0
8875,1442,2,2,0
8876,165,1,3,0
8877,244,3,2,0
8878,1700,3,1,0
8879,1588,1,3,0
8880,576,1,2,0
8881,58,2,1,0
8882,376,1,3,0
8883,667,3,2,0
8884,1853,3,2,0
8885,1023,2,1,0
8886,588,3,1,0
8887,447,2,1,0
8888,1131,1,2,0
8889,164,1,3,0
8890,292,1,2,0
8891,1001,1,2,0
8892,1619,2,1,0
8893,232,2,2,0
8894,478,1,3,0
8895,95,2,1,0
8896,1587,2,1,0
8897,1543,2,1,0
8898,767,1,2,0
8899,1603,2,2,0
8900,1911,1,4,0
8901,1596,3,1,0
8902,839,1,2,0
8903,1589,2,2,0
8904,144,2,1,0
8905,1322,1,2,0
8906,479,2,4,0
8907,1715,0,4,0
8908,696,1,2,0
8909,414,0,3,0
8910,1657,1,4,0
8911,1312,0,6,0
8912,125,2,1,0
8913,392,1,2,0
8914,201,41,1,1
8915,1459,1,2,0
8916,42,3,1,0
8917,571,1,2,0
8918,1522,2,1,0
8919,1971,0,5,0
8920,579,1,5,0
8921,1548,2,4,0
8922,1950,1,3,0
8923,759,2,1,0
8924,408,1,3,0
8925,239,2,2,0
8926,793,0,4,0
8927,1399,3,3,0
8928,84,3,0,0
8929,1775,2,2,0
8930,1583,2,1,0
8931,475,3,1,0
8932,714,3,1,0
8933,1207,1,4,0
8934,1699,0,3,0
8935,466,0,3,0
8936,1382,2,2,0
8937,69,1,3,0
8938,361,2,1,0
8939,531,3,1,0
8940,616,1,3,0
8941,261,3,1,0
8942,1015,2,1,0
8943,1065,1,2,0
8944,861,2,2,0
8945,917,1,3,0
8946,295,2,1,0
8947,1014,0,3,0
8948,607,2,2,0
8949,268,2,1,0
8950,1329,2,2,0
8951,1293,18,2,1
8952,274,2,2,0
8953,294,0,6,0
8954,853,2,1,0
8955,1847,1,3,0
8956,1971,1,3,0
8957,621,1,5,0
8958,1499,2,2,0
8959,375,3,1,0
8960,1062,1,3,0
8961,64,3,1,0
8962,581,2,1,0
8963,656,1,3,0
8964,1631,0,3,0
8965,1695,3,1,0
8966,1091,2,2,0
8967,1756,40,2,1
8968,1440,0,3,0
8969,1311,1,3,0
8970,655,2,1,0
8971,1688,3,1,0
8972,1817,0,3,0
8973,1696,3,0,0
8974,1641,2,3,0
8975,905,3,2,0
8976,1237,2,2,0
8977,572,2,2,0
8978,905,2,1,0
8979,821,2,1,0
8980,1729,2,1,0
8981,1863,3,2,0
8982,384,0,3,0
8983,1557,1,2,0
8984,71,0,5,0
8985,1701,2,4,0
8986,517,1,3,0
8987,1952,2,1,0
8988,1157,1,3,0
8989,181,2,2,0
8990,64,0,4,0
8991,1477,1,3,0
8992,1378,2,2,0
8993,317,2,1,0
8994,1567,3,0,0
8995,792,1,4,0
8996,1530,3,0,0
8997,1795,1,2,0
8998,1942,0,3,0
8999,279,1,3,0
9000,134,1,3,0
9001,316,1,2,0
9002,1089,2,3,0
9003,739,2,2,0
9004,1256,1,3,0
9005,641,3,1,0
9006,1142,2,3,0
9007,1511,3,1,0
9008,1571,1,4,0
9009,406,2,2,0
9010,1503,1,2,0
9011,264,2,1,0
9012,1363,1,2,0
9013,925,0,3,0
9014,519,0,4,0
9015,462,1,2,0
9016,1078,0,4,0
9017,1525,1,3,0
9018,1336,0,4,0
9019,824,1,2,0
9020,932,1,2,0
9021,1255,0,3,0
9022,1463,0,4,0
9023,137,1,3,0
9024,1780,26,0,1
9025,133,1,3,0
9026,1289,3,1,0
9027,462,1,2,0
9028,1447,0,3,0
9029,1090,0,3,0
9030,885,0,3,0
9031,687,1,4,0
9032,864,1,5,0
9033,1792,1,2,0
9034,810,2,2,0
9035,1425,0,3,0
9036,1808,3,2,0
9037,1609,1,2,0
9038,1745,2,2,0
9039,601,2,1,0
9040,312,1,3,0
9041,1004,1,3,0
9042,1232,2,3,0
9043,135,3,1,0
9044,1355,2,2,0
9045,499,0,3,0
9046,1340,1,2,0
9047,1948,2,1,0
9048,1458,2,1,0
9049,1777,1,2,0
9050,1686,1,2,0
9051,783,3,2,0
9052,794,1,2,0
9053,357,0,4,0
9054,974,2,1,0
9055,412,2,2,0
9056,678,1,4,0
9057,1718,1,3,0
9058,1002,2,2,0
9059,38,2,1,0
9060,577,0,3,0
9061,1738,0,3,0
9062,1083,41,1,1
9063,556,3,2,0
9064,208,2,2,0
9065,365,3,0,0
9066,528,2,1,0
9067,1812,17,1,1
9068,1227,0,6,0
9069,1071,1,3,0
9070,683,2,1,0
9071,842,2,2,0
9072,564,2,2,0
9073,1688,3,2,0
9074,1405,2,3,0
9075,794,3,0,0
9076,500,2,1,0
9077,1801,1,2,0
9078,314,1,3,0
9079,723,1,2,0
9080,1520,3,1,0
9081,552,3,1,0
9082,536,1,3,0
9083,1552,3,1,0
9084,1297,4,0,0
9085,223,1,2,0
9086,641,1,7,0
9087,109,0,3,0
9088,1557,2,2,0
9089,1371,2,1,0
9090,950,2,1,0
9091,1640,1,2,0
9092,77,2,1,0
9093,575,2,1,0
9094,1859,0,4,0
9095,1850,1,6,0
9096,302,0,3,0
9097,1018,2,2,0
9098,1852,1,3,0
9099,493,2,3,0
9100,296,3,1,0
9101,1724,0,3,0
9102,1777,2,1,0
9103,245,2,2,0
9104,120,3,3,0
9105,1988,0,3,0
9106,855,1,2,0
9107,599,1,3,0
9108,1419,3,0,0
9109,467,1,2,0
9110,631,2,1,0
9111,172,2,1,0
9112,1342,3,0,0
9113,32,3,0,0
9114,921,2,2,0
9115,1508,2,3,0
9116,1930,1,2,0
9117,1726,2,2,0
9118,863,2,3,0
9119,1412,2,1,0
9120,567,0,4,0
9121,1039,1,3,0
9122,668,3,0,0
9123,1471,3,0,0
9124,475,4,1,0
9125,794,3,1,0
9126,1865,0,3,0
9127,1902,2,2,0
9128,598,1,2,0
9129,1782,1,2,0
9130,1276,2,2,0
9131,645,1,2,0
9132,1590,2,2,0
9133,331,1,3,0
9134,630,2,1,0
9135,1652,1,3,0
9136,581,1,3,0
9137,1127,3,1,0
9138,1445,1,2,0
9139,543,3,0,0
9140,479,2,4,0
9141,1217,2,2,0
9142,1050,0,4,0
9143,871,1,3,0
9144,1200,1,3,0
9145,1347,3,2,0
9146,1074,0,4,0
9147,1039,0,4,0
9148,329,0,4,0
9149,1735,2,2,0
9150,1635,34,2,1
9151,1846,1,2,0
9152,619,0,6,0
9153,1739,3,0,0
9154,840,0,5,0
9155,361,2,2,0
9156,563,3,0,0
9157,548,0,3,0
9158,116,0,3,0
9159,1783,2,1,0
9160,987,1,3,0
9161,1967,2,2,0
9162,138,1,2,0
9163,1743,2,2,0
9164,1947,0,4,0
9165,779,3,1,0
9166,338,1,4,0
9167,1408,1,2,0
9168,673,2,2,0
9169,1421,2,1,0
9170,1147,2,1,0
9171,126,2,1,0
9172,1927,2,1,0
9173,896,3,0,0
9174,1646,0,3,0
9175,366,3,1,0
9176,1609,2,1,0
9177,930,2,2,0
9178,964,1,5,0
9179,125,16,2,1
9180,231,0,3,0
9181,906,2,3,0
9182,1789,3,1,0
9183,395,3,1,0
9184,1199,2,1,0
9185,553,1,2,0
9186,44,1,4,0
9187,669,2,2,0
9188,1164,3,1,0
9189,1930,1,2,0
9190,1600,0,4,0
9191,706,2,2,0
9192,1177,2,1,0
9193,1797,3,0,0
9194,1397,1,3,0
9195,1580,1,2,0
9196,1541,2,2,0
9197,1684,2,3,0
9198,1698,1,2,0
9199,653,1,2,0
9200,1224,1,5,0
9201,154,2,1,0
9202,948,2,1,0
9203,282,1,5,0
9204,132,3,3,0
9205,1155,1,2,0
9206,784,2,2,0
9207,810,2,3,0
9208,152,1,3,0
9209,351,2,2,0
9210,1334,3,2,0
9211,1531,0,5,0
9212,871,1,2,0
9213,1104,1,2,0
9214,1566,18,1,1
9215,868,1,4,0
9216,813,1,3,0
9217,593,3,2,0
9218,1987,1,2,0
9219,1902,3,1,0
9220,1791,3,0,0
9221,33,1,3,0
9222,1335,2,4,0
9223,451,1,2,0
9224,1610,2,2,0
9225,1228,0,3,0
9226,617,3,2,0
9227,1896,2,2,0
9228,361,2,2,0
9229,41,2,1,0
9230,1492,1,2,0
9231,1534,1,2,0
9232,1300,1,4,0
9233,949,1,3,0
9234,649,1,4,0
9235,374,1,3,0
9236,529,3,3,0
9237,1144,2,2,0
9238,757,2,2,0
9239,1358,1,3,0
9240,190,2,2,0
9241,1539,2,2,0
9242,1872,2,1,0
9243,1495,2,2,0
9244,1309,2,4,0
9245,91,3,0,0
9246,1582,0,4,0
9247,426,2,2,0
9248,1853,3,2,0
9249,1491,1,3,0
9250,760,2,1,0
9251,517,2,2,0
9252,1811,2,1,0
9253,1466,2,1,0
9254,673,1,2,0
9255,1745,1,5,0
9256,1085,1,2,0
9257,181,3,1,0
9258,149,0,5,0
9259,1090,2,2,0
9260,30,1,2,0
9261,1797,1,3,0
9262,510,1,4,0
9263,790,2,1,0
9264,856,1,2,0
9265,210,0,4,0
9266,815,3,0,0
9267,33,21,1,1
9268,995,2,3,0
9269,497,2,2,0
9270,913,2,1,0
9271,1801,3,2,0
9272,454,2,1,0
9273,336,2,1,0
9274,919,1,3,0
9275,713,2,1,0
9276,1149,2,2,0
9277,1664,2,1,0
9278,1263,0,3,0
9279,31,2,1,0
9280,481,1,3,0
9281,1861,1,3,0
9282,1962,3,1,0
9283,228,3,0,0
9284,1734,0,3,0
9285,1608,2,1,0
9286,1492,1,3,0
9287,854,1,4,0
9288,846,2,1,0
9289,158,3,3,0
9290,1533,2,1,0
9291,1574,31,3,1
9292,1240,2,1,0
9293,746,3,1,0
9294,1779,32,3,1
9295,499,1,4,0
9296,891,1,3,0
9297,1175,2,1,0
9298,875,2,1,0
9299,1889,2,1,0
9300,53,2,1,0
9301,1923,2,1,0
9302,715,2,3,0
9303,1710,1,3,0
9304,1875,1,2,0
9305,339,2,2,0
9306,522,2,3,0
9307,1233,1,2,0
9308,852,1,3,0
9309,514,2,2,0
9310,1511,1,3,0
9311,1700,1,3,0
9312,518,2,3,0
9313,770,1,2,0
9314,577,2,1,0
9315,636,1,2,0
9316,560,2,1,0
9317,62,0,3,0
9318,1224,2,2,0
9319,218,3,0,0
9320,921,1,4,0
9321,172,1,2,0
9322,960,1,2,0
9323,1052,2,2,0
9324,1722,1,3,0
9325,1353,2,2,0
9326,925,1,3,0
9327,1383,2,2,0
9328,1917,1,2,0
9329,1767,2,2,0
9330,876,1,3,0
9331,1653,0,5,0
9332,535,3,0,0
9333,566,2,2,0
9334,663,1,3,0
9335,252,2,5,0
9336,676,2,1,0
9337,579,1,3,0
9338,300,1,2,0
9339,1770,1,3,0
9340,1540,2,3,0
9341,1388,1,3,0
9342,1690,2,2,0
9343,440,1,4,0
9344,1600,1,2,0
9345,1187,3,0,0
9346,1017,2,1,0
9347,369,2,1,0
9348,1712,2,1,0
9349,1870,2,1,0
9350,432,2,2,0
9351,942,1,2,0
9352,1533,1,3,0
9353,1300,2,2,0
9354,1416,1,4,0
9355,47,2,1,0
9356,926,1,2,0
9357,906,2,2,0
9358,1245,0,3,0
9359,968,1,2,0
9360,891,3,0,0
9361,1028,1,2,0
9362,1785,3,1,0
9363,1638,1,3,0
9364,730,1,4,0
9365,717,2,1,0
9366,1238,1,3,0
9367,1228,3,2,0
9368,1392,4,2,0
9369,605,2,3,0
9370,290,3,2,0
9371,1143,2,1,0
9372,111,3,0,0
9373,1773,2,1,0
9374,129,3,0,0
9375,1612,3,2,0
9376,182,1,2,0
9377,1393,3,2,0
9378,1288,0,5,0
9379,591,1,2,0
9380,920,3,2,0
9381,912,2,3,0
9382,769,3,0,0
9383,962,2,1,0
9384,1442,1,3,0
9385,911,2,2,0
9386,1735,2,2,0
9387,802,24,3,1
9388,384,2,1,0
9389,337,1,3,0
9390,578,2,1,0
9391,683,0,4,0
9392,1335,2,3,0
9393,1300,2,3,0
9394,1610,1,3,0
9395,458,3,0,0
9396,1699,1,3,0
9397,298,0,3,0
9398,144,2,1,0
9399,925,1,2,0
9400,752,0,3,0
9401,1841,2,2,0
9402,147,1,3,0
9403,606,1,3,0
9404,297,1,2,0
9405,248,2,1,0
9406,1207,2,1,0
9407,903,1,4,0
9408,638,2,4,0
9409,817,2,1,0
9410,373,0,3,0
9411,1039,2,2,0
9412,732,2,2,0
9413,421,1,2,0
9414,991,2,2,0
9415,94,2,2,0
9416,1057,2,1,0
9417,1200,0,3,0
9418,1022,1,2,0
9419,1907,2,2,0
9420,1776,2,1,0
9421,448,3,0,0
9422,207,2,1,0
9423,412,0,3,0
9424,312,2,2,0
9425,962,2,2,0
9426,1855,3,2,0
9427,1176,2,1,0
9428,1303,2,2,0
9429,1942,1,5,0
9430,503,2,1,0
9431,1284,1,2,0
9432,814,3,0,0
9433,336,1,2,0
9434,1267,2,1,0
9435,1263,1,3,0
9436,1528,4,2,0
9437,562,1,2,0
9438,597,3,1,0
9439,237,0,5,0
9440,1281,2,1,0
9441,1289,3,1,0
9442,1085,1,2,0
9443,194,0,4,0
9444,1994,1,2,0
9445,637,0,3,0
9446,1852,2,1,0
9447,733,2,1,0
9448,1010,43,0,1
9449,1110,3,1,0
9450,753,1,3,0
9451,563,1,2,0
9452,477,4,0,0
9453,793,2,3,0
9454,1797,0,4,0
9455,1854,3,0,0
9456,367,0,5,0
9457,1015,0,4,0
9458,1226,2,1,0
9459,1426,3,2,0
9460,1162,2,1,0
9461,1342,2,2,0
9462,816,1,2,0
9463,61,2,2,0
9464,1667,1,4,0
9465,975,1,2,0
9466,337,2,1,0
9467,886,2,2,0
9468,990,2,2,0
9469,1245,2,2,0
9470,405,2,1,0
9471,619,2,2,0
9472,978,0,3,0
9473,1329,3,0,0
9474,1088,2,2,0
9475,134,1,2,0
9476,707,3,1,0
9477,489,1,3,0
9478,830,1,2,0
9479,464,3,1,0
9480,1971,1,3,0
9481,1358,2,2,0
9482,250,1,2,0
9483,1838,1,4,0
9484,317,2,2,0
9485,383,1,2,0
9486,818,1,3,0
9487,692,2,1,0
9488,1718,1,4,0
9489,1368,2,1,0
9490,1626,1,3,0
9491,1801,3,3,0
9492,1424,1,2,0
9493,301,2,1,0
9494,880,2,3,0
9495,608,2,2,0
9496,1650,1,7,0
9497,580,2,1,0
9498,1221,1,3,0
9499,62,1,2,0
9500,1910,1,2,0
9501,1968,0,3,0
9502,1069,1,2,0
9503,1947,3,0,0
9504,1460,3,0,0
9505,879,0,3,0
9506,1172,2,2,0
9507,1883,3,1,0
9508,658,2,3,0
9509,812,2,3,0
9510,1587,2,2,0
9511,1990,1,3,0
9512,300,1,2,0
9513,1506,2,3,0
9514,48,2,1,0
9515,1021,2,1,0
9516,896,1,4,0
9517,1007,2,1,0
9518,78,2,2,0
9519,1086,1,2,0
9520,120,2,1,0
9521,619,2,3,0
9522,1038,2,2,0
9523,223,1,2,0
9524,1826,1,2,0
9525,1279,2,1,0
9526,513,2,2,0
9527,220,1,4,0
9528,1436,1,3,0
9529,398,1,3,0
9530,475,0,6,0
9531,1650,2,3,0
9532,1050,2,2,0
9533,1889,1,3,0
9534,1724,1,3,0
9535,1012,2,2,0
9536,970,1,2,0
9537,1016,1,6,0
9538,1720,2,1,0
9539,1620,0,3,0
9540,240,3,0,0
9541,1205,1,3,0
9542,39,3,0,0
9543,409,1,4,0
9544,918,2,2,0
9545,876,1,2,0
9546,1932,23,0,1
9547,1544,2,2,0
9548,352,3,0,0
9549,1742,3,0,0
9550,1845,3,0,0
9551,983,0,3,0
9552,1662,1,2,0
9553,565,1,2,0
9554,284,2,1,0
9555,1502,1,2,0
9556,871,2,1,0
9557,1996,2,1,0
9558,1692,2,1,0
9559,1622,1,3,0
9560,1713,1,3,0
9561,518,0,4,0
9562,707,1,2,0
9563,617,0,4,0
9564,1977,2,2,0
9565,171,3,1,0
9566,1744,2,1,0
9567,1518,0,4,0
9568,1956,1,2,0
9569,491,1,2,0
9570,1944,0,4,0
9571,562,2,1,0
9572,1227,1,2,0
9573,1722,2,1,0
9574,1399,2,2,0
9575,813,2,3,0
9576,645,3,0,0
9577,860,0,4,0
9578,170,3,1,0
9579,318,1,3,0
9580,454,1,3,0
9581,696,2,1,0
9582,934,2,2,0
9583,1301,1,2,0
9584,295,0,3,0
9585,1473,1,3,0
9586,145,2,2,0
9587,227,2,1,0
9588,1504,2,1,0
9589,1766,2,1,0
9590,122,1,3,0
9591,966,1,2,0
9592,1288,1,3,0
9593,1584,2,1,0
9594,249,2,3,0
9595,1294,1,4,0
9596,1032,2,3,0
9597,1510,2,1,0
9598,1618,2,2,0
9599,335,2,1,0
9600,513,23,3,1
9601,1041,1,3,0
9602,867,1,2,0
9603,1811,1,2,0
9604,1263,0,4,0
9605,1411,0,4,0
9606,894,2,2,0
9607,1297,1,4,0
9608,654,2,1,0
9609,1221,1,3,0
9610,841,1,3,0
9611,357,3,1,0
9612,568,2,1,0
9613,1673,2,3,0
9614,833,2,3,0
9615,1908,0,4,0
9616,1353,2,2,0
9617,1401,2,4,0
9618,432,2,3,0
9619,523,3,0,0
9620,1879,2,2,0
9621,407,1,4,0
9622,276,1,2,0
9623,904,1,4,0
9624,1131,2,2,0
9625,258,0,3,0
9626,1880,1,2,0
9627,529,2,3,0
9628,1964,0,4,0
9629,1011,0,5,0
9630,364,1,4,0
9631,31,1,2,0
9632,1987,0,4,0
9633,509,1,2,0
9634,106,1,2,0
9635,1531,1,3,0
9636,395,1,2,0
9637,864,3,0,0
9638,465,2,3,0
9639,281,1,2,0
9640,1495,1,3,0
9641,188,1,2,0
9642,918,1,2,0
9643,1609,2,3,0
9644,1311,1,2,0
9645,1700,3,1,0
9646,877,1,2,0
9647,1846,1,2,0
9648,1372,2,2,0
9649,1632,1,3,0
9650,1947,3,0,0
9651,301,2,2,0
9652,158,2,1,0
9653,1310,3,0,0
9654,646,1,4,0
9655,1108,2,1,0
9656,663,2,2,0
9657,587,0,3,0
9658,517,0,4,0
9659,1400,3,1,0
9660,1673,1,3,0
9661,1307,2,2,0
9662,1456,2,1,0
9663,521,3,0,0
9664,1389,2,1,0
9665,1909,0,3,0
9666,906,2,2,0
9667,1449,3,1,0
9668,1778,2,1,0
9669,929,2,1,0
9670,208,1,3,0
9671,916,2,2,0
9672,480,1,4,0
9673,1802,2,1,0
9674,1419,2,1,0
9675,79,2,1,0
9676,1907,1,2,0
9677,1120,2,2,0
9678,1433,2,2,0
9679,1758,2,2,0
9680,1175,1,2,0
9681,497,0,5,0
9682,1299,2,1,0
9683,1061,3,2,0
9684,1345,1,3,0
9685,133,3,0,0
9686,1392,2,1,0
9687,1739,2,1,0
9688,1938,2,2,0
9689,938,1,3,0
9690,390,1,3,0
9691,32,1,3,0
9692,1565,2,1,0
9693,1326,3,1,0
9694,986,2,2,0
9695,1839,1,2,0
9696,1542,1,2,0
9697,911,1,3,0
9698,1017,3,1,0
9699,393,1,3,0
9700,1703,1,4,0
9701,1578,2,1,0
9702,1827,2,2,0
9703,766,0,4,0
9704,719,1,2,0
9705,910,0,3,0
9706,606,1,2,0
9707,1308,1,3,0
9708,1357,2,2,0
9709,1287,0,4,0
9710,576,2,2,0
9711,1190,2,1,0
9712,414,1,2,0
9713,1773,1,2,0
9714,132,35,2,1
9715,727,2,1,0
9716,720,36,0,1
9717,1808,2,1,0
9718,1614,1,2,0
9719,1516,1,3,0
9720,369,2,2,0
9721,892,2,3,0
9722,590,2,3,0
9723,1151,2,1,0
9724,549,1,2,0
9725,213,1,2,0
9726,624,2,3,0
9727,940,3,1,0
9728,1475,2,2,0
9729,659,1,2,0
9730,974,1,3,0
9731,505,3,3,0
9732,1842,2,2,0
9733,966,3,2,0
9734,1107,2,4,0
9735,393,2,1,0
9736,455,20,3,1
9737,1155,1,3,0
9738,1900,2,1,0
9739,1225,2,1,0
9740,1966,3,0,0
9741,965,0,3,0
9742,1656,1,3,0
9743,955,1,3,0
9744,1719,1,2,0
9745,1763,0,5,0
9746,490,2,1,0
9747,1372,2,1,0
9748,427,2,2,0
9749,1207,0,4,0
9750,966,1,2,0
9751,607,2,1,0
9752,1543,2,1,0
9753,578,1,3,0
9754,631,2,2,0
9755,917,2,5,0
9756,1171,2,1,0
9757,495,1,2,0
9758,1379,2,1,0
9759,459,2,2,0
9760,35,1,2,0
9761,165,3,0,0
9762,1491,1,2,0
9763,748,2,2,0
9764,1748,2,3,0
9765,660,1,3,0
9766,362,0,3,0
9767,1876,2,1,0
9768,770,1,2,0
9769,1559,1,2,0
9770,1181,1,3,0
9771,1412,3,2,0
9772,1504,1,2,0
9773,1238,1,2,0
9774,368,1,3,0
9775,543,1,3,0
9776,591,3,0,0
9777,1036,1,2,0
9778,1357,2,3,0
9779,1597,2,4,0
9780,1615,2,3,0
9781,120,0,3,0
9782,1237,3,0,0
9783,1368,2,1,0
9784,1907,3,1,0
9785,358,1,2,0
9786,45,1,3,0
9787,1051,1,3,0
9788,384,2,3,0
9789,751,1,2,0
9790,1221,3,0,0
9791,570,3,2,0
9792,1997,0,4,0
9793,1723,1,3,0
9794,1600,2,3,0
9795,987,1,3,0
9796,783,0,5,0
9797,1418,1,2,0
9798,1333,1,3,0
9799,736,0,3,0
9800,382,1,3,0
9801,1201,3,0,0
9802,1693,2,1,0
9803,1734,1,2,0
9804,1585,2,2,0
9805,1460,2,1,0
9806,504,1,4,0
9807,879,1,4,0
9808,703,1,5,0
9809,1453,1,4,0
9810,1489,2,2,0
9811,1542,2,3,0
9812,839,1,3,0
9813,190,2,1,0
9814,31,3,1,0
9815,405,2,2,0
9816,1754,3,0,0
9817,1107,1,2,0
9818,452,2,1,0
9819,87,0,3,0
9820,1396,0,3,0
9821,1632,2,1,0
9822,1702,1,2,0
9823,1290,1,2,0
9824,1498,1,4,0
9825,1435,2,1,0
9826,1926,2,1,0
9827,1420,2,1,0
9828,1003,1,2,0
9829,810,3,0,0
9830,570,1,2,0
9831,1627,2,1,0
9832,1740,2,2,0
9833,937,0,3,0
9834,205,0,4,0
9835,1512,2,1,0
9836,772,35,2,1
9837,876,3,0,0
9838,264,3,0,0
9839,1756,1,2,0
9840,84,1,5,0
9841,552,2,1,0
9842,40,2,1,0
9843,1480,3,1,0
9844,961,2,2,0
9845,505,2,2,0
9846,168,1,2,0
9847,1376,2,3,0
9848,1561,1,2,0
9849,1183,1,2,0
9850,1125,1,4,0
9851,561,0,3,0
9852,1706,2,2,0
9853,1463,1,2,0
9854,1513,2,2,0
9855,110,1,2,0
9856,1112,1,2,0
9857,1841,1,2,0
9858,202,2,3,0
9859,724,2,1,0
9860,429,0,3,0
9861,925,1,3,0
9862,351,0,4,0
9863,347,1,4,0
9864,414,3,0,0
9865,1199,3,2,0
9866,123,3,0,0
9867,364,2,2,0
9868,761,1,3,0
9869,956,1,3,0
9870,1148,1,3,0
9871,664,1,5,0
9872,646,1,3,0
9873,1720,1,2,0
9874,1771,3,1,0
9875,270,0,4,0
9876,1940,1,2,0
9877,865,1,2,0
9878,1601,2,3,0
9879,1304,0,3,0
9880,744,2,2,0
9881,573,2,1,0
9882,1273,2,3,0
9883,997,1,2,0
9884,1622,1,3,0
9885,723,3,0,0
9886,388,0,4,0
9887,158,2,3,0
9888,627,1,2,0
9889,648,2,1,0
9890,374,2,1,0
9891,688,2,1,0
9892,425,0,4,0
9893,1344,2,3,0
9894,1416,3,0,0
9895,726,2,2,0
9896,1069,3,0,0
9897,1834,2,1,0
9898,777,2,1,0
9899,1315,0,4,0
9900,1859,2,1,0
9901,383,3,0,0
9902,1323,2,1,0
9903,1700,2,2,0
9904,1192,2,1,0
9905,1568,2,1,0
9906,1887,2,1,0
9907,740,1,2,0
9908,836,3,0,0
9909,1759,0,3,0
9910,873,1,3,0
9911,1492,1,2,0
9912,898,2,2,0
9913,1990,0,3,0
9914,1997,1,2,0
9915,482,2,2,0
9916,1517,30,1,1
9917,41,3,2,0
9918,941,1,2,0
9919,1192,2,1,0
9920,611,1,4,0
9921,1971,0,4,0
9922,1185,1,2,0
9923,1516,0,4,0
9924,1998,0,4,0
9925,1036,3,1,0
9926,1366,1,2,0
9927,1813,3,0,0
9928,405,3,1,0
9929,1857,0,3,0
9930,1236,0,3,0
9931,1229,2,3,0
9932,859,2,3,0
9933,368,1,4,0
9934,416,1,2,0
9935,179,3,1,0
9936,1103,1,3,0
9937,1131,0,5,0
9938,1666,1,2,0
9939,1934,1,2,0
9940,393,3,0,0
9941,1311,1,2,0
9942,218,1,2,0
9943,236,2,2,0
9944,1543,1,2,0
9945,1318,1,3,0
9946,203,3,2,0
9947,974,3,0,0
9948,1686,2,2,0
9949,1666,3,0,0
9950,1303,3,0,0
9951,302,0,3,0
9952,1390,3,1,0
9953,191,2,1,0
9954,1938,1,3,0
9955,691,2,1,0
9956,418,3,1,0
9957,990,3,3,0
9958,1947,2,1,0
9959,1830,2,2,0
9960,1945,1,4,0
9961,1967,2,1,0
9962,1748,1,2,0
9963,1878,1,3,0
9964,1157,3,0,0
9965,1131,2,2,0
9966,240,2,1,0
9967,1675,1,3,0
9968,194,2,1,0
9969,1498,1,2,0
9970,345,1,2,0
9971,547,2,2,0
9972,1414,2,4,0
9973,1735,3,3,0
9974,1226,1,3,0
9975,959,2,2,0
9976,547,3,0,0
9977,1056,2,2,0
9978,1983,0,4,0
9979,1571,0,4,0
9980,374,2,1,0
9981,1795,0,5,0
9982,73,1,3,0
9983,750,2,2,0
9984,709,2,2,0
9985,705,2,1,0
9986,1454,1,3,0
9987,1554,2,3,0
9988,760,0,4,0
9989,1139,1,3,0
9990,1102,1,3,0
9991,1220,1,3,0
9992,1021,1,2,0
9993,88,2,1,0
9994,1633,1,2,0
9995,743,1,4,0
9996,1471,1,2,0
9997,1395,2,1,0
9998,884,3,2,0
9999,668,1,2,0
